"","_id","RFID","birthDate","sex","breed","category","birthWeight","stationname"
"1","5d9f9f5ba00700002f0032b0","900 093000058988",2008-11-07,"female","BR","breeding","0","Tremere"
"2","5d9f9f5aa00700002f0032ac","900 093000058991",2008-10-24,"female","BR","breeding","0","Tremere"
"3","5d9f9f6ea00700002f0032f0","900 093000058992",2012-08-30,"female","BR","breeding","0","Tremere"
"4","5d9f9f83a00700002f00333a","900 093000059211",2015-12-16,"female","BR","breeding","0","Tremere"
"5","5d9f9f76a00700002f00330d","900 093000059528",2014-10-10,"female","BR","breeding","0","Tremere"
"6","5d9f9f51a00700002f00328e","900 093000059530",2006-10-16,"female","BJ","breeding","0","Tremere"
"7","5d9f9f60a00700002f0032c2","900 093000060105",2009-11-03,"female","BR","breeding","0","Tremere"
"8","5d9f9f55a00700002f00329c","900 093000060138",2007-10-06,"female","BR","breeding","0","Tremere"
"9","5d9f9f5ca00700002f0032b4","900 093000060210",2008-11-21,"female","BR","breeding","0","Tremere"
"10","5d9f9f50a00700002f00328b","900 093000060237",2006-10-15,"female","BR","breeding","0","Tremere"
"11","5d9f9f5fa00700002f0032bf","900 093000060787",2009-10-23,"female","BR","breeding","0","Tremere"
"12","5d9f9f56a00700002f00329f","900 093000060823",2007-10-17,"female","BR","breeding","0","Tremere"
"13","5d9f9f5ca00700002f0032b3","900 093000060886",2008-11-17,"female","BR","breeding","0","Tremere"
"14","5d9f9f75a00700002f00330b","900 093000066582",2014-10-02,"female","BR","breeding","0","Tremere"
"15","5d9f9f79a00700002f003317","900 093000066881",2014-11-08,"female","BR","breeding","0","Tremere"
"16","5d9f9f5fa00700002f0032be","900 093000066981",2009-10-21,"female","BR","breeding","0","Tremere"
"17","5d9f9f59a00700002f0032ab","900 093000068514",2008-10-24,"female","BR","breeding","0","Tremere"
"18","5d9f9f4fa00700002f003288","900 093000076729",2006-09-27,"female","BJ","breeding","0","Tremere"
"19","5d9f9f78a00700002f003314","900 093000081249",2014-11-04,"female","BJ","breeding","0","Tremere"
"20","5d9f9f71a00700002f0032fd","900 093000081356",2012-10-26,"female","BR","breeding","0","Tremere"
"21","5d9f9f4fa00700002f003287","900 093000081513",2006-09-28,"female","BJ","breeding","0","Tremere"
"22","5d9f9f77a00700002f003310","900 093000081720",2014-10-19,"female","BR","breeding","0","Tremere"
"23","5d9f9f58a00700002f0032a6","900 093000081758",2008-10-13,"female","BJ","breeding","0","Tremere"
"24","5d9f9f78a00700002f003315","900 093000081901",2014-11-05,"female","BJ","breeding","0","Tremere"
"25","5d9f9f65a00700002f0032d1","900 093000082935",2010-10-15,"female","BR","breeding","0","Tremere"
"26","5d9f9f7aa00700002f00331a","900 093000085073",2014-11-18,"female","BJ","breeding","0","Tremere"
"27","5d9f9f61a00700002f0032c7","900 093000090584",2009-11-14,"female","BJ","breeding","0","Tremere"
"28","5d9f9f9ea00700002f003398","900 093000090615",2008-10-08,"female","BR","breeding","0","Tremere"
"29","5d9f9f59a00700002f0032aa","900 093000097685",2008-10-24,"female","BR","breeding","0","Tremere"
"30","5d9f9f5ea00700002f0032bc","900 093000097767",2009-10-15,"female","BR","breeding","0","Tremere"
"31","5d9f9f5ca00700002f0032b5","900 093000097933",2009-09-29,"female","BJ","breeding","0","Tremere"
"32","5d9f9f61a00700002f0032c4","900 093000098365",2009-12-01,"female","BR","breeding","0","Tremere"
"33","5d9f9f5aa00700002f0032ad","900 093000099007",2008-10-27,"female","BR","breeding","0","Tremere"
"34","5d9f9f76a00700002f00330e","900 093000099109",2014-10-14,"female","BR","breeding","0","Tremere"
"35","5d9f9f76a00700002f00330c","900 093000099132",2014-10-04,"female","BR","breeding","0","Tremere"
"36","5d9f9f60a00700002f0032c3","900 116003111477",2009-11-09,"female","BR","breeding","0","Tremere"
"37","5d9f9f7da00700002f003325","900 116003112089",2015-10-21,"female","BR","breeding","0","Tremere"
"38","5d9f9f7ca00700002f003322","900 116003112159",2015-10-18,"female","BJ","breeding","0","Tremere"
"39","5d9f9f7ea00700002f003328","900 116003127286",2015-10-26,"female","BJ","breeding","0","Tremere"
"40","5d9f9f7ba00700002f00331d","900 116003177737",2015-10-11,"female","BR","breeding","0","Tremere"
"41","5d9f9f84a00700002f00333d","900 116003179583",2015-10-25,"female","BR","breeding","0","Tremere"
"42","5d9f9f80a00700002f00332f","900 116003183031",2015-11-03,"female","BR","breeding","0","Tremere"
"43","5d9f9f80a00700002f003330","900 116003184949",2015-11-03,"female","BR","breeding","0","Tremere"
"44","5d9f9f5aa00700002f0032ae","900 116003187602",2008-10-29,"female","BR","breeding","0","Tremere"
"45","5d9f9f9da00700002f003392","951 000301745576",2014-02-14,"female","BJ","breeding","0","Tremere"
"46","5d9f9f9da00700002f003393","951 000301745765",2014-01-18,"female","BJ","breeding","0","Tremere"
"47","5d9f9f95a00700002f003375","951 000302131470",2006-01-11,"female","BJ","breeding","0","Tremere"
"48","5d9f9f95a00700002f003374","951 000302131600",2005-12-09,"female","BJ","breeding","0","Tremere"
"49","5d9f9f96a00700002f003379","951 000302132339",2007-11-10,"female","BJ","breeding","0","Tremere"
"50","5d9f9fa2a00700002f0033a4","951 000302938846",2015-02-01,"female","BJ","breeding","0","Tremere"
"51","5d9f9f97a00700002f00337d","951 000305650407",2009-09-03,"female","BJ","breeding","0","Tremere"
"52","5d9f9f9aa00700002f003389","951 000305650505",2011-10-17,"female","BJ","breeding","0","Tremere"
"53","5d9f9f96a00700002f00337b","951 000305650526",2008-03-19,"female","BJ","breeding","0","Tremere"
"54","5d9f9f9aa00700002f003387","951 000305650528",2011-12-16,"female","BJ","breeding","0","Tremere"
"55","5d9f9f97a00700002f00337c","951 000305650664",2009-11-11,"female","BJ","breeding","0","Tremere"
"56","5d9f9f96a00700002f00337a","951 000305650682",2007-11-11,"female","BJ","breeding","0","Tremere"
"57","5d9f9f97a00700002f00337f","951 000305650731",2010-01-04,"female","BJ","breeding","0","Tremere"
"58","5d9f9f98a00700002f003381","951 000305650787",2010-03-13,"female","BJ","breeding","0","Tremere"
"59","5d9f9f98a00700002f003380","951 000305650867",2010-03-20,"female","BJ","breeding","0","Tremere"
"60","5d9f9f9ba00700002f00338c","951 000305651172",2013-02-16,"female","BJ","breeding","0","Tremere"
"61","5d9f9fa2a00700002f0033a7","951 000502702035",2016-03-01,"female","BJ","breeding","0","Tremere"
"62","5f62a3f46b3000000a0037e9","951 000502702089",2016-03-01,"female","xxxxxx","breeding","0","Tremere"
"63","5d9f9f52a00700002f003292","964 001004336507",2006-10-29,"female","BJ","breeding","0","Tremere"
"64","5d9f9f5ba00700002f0032b1","964 001004336657",2008-11-10,"female","BN","breeding","0","Tremere"
"65","5d9f9f62a00700002f0032c9","964 001005759199",2010-10-05,"female","BJ","breeding","0","Tremere"
"66","5d9f9f68a00700002f0032dd","964 001005759655",2010-11-01,"female","BJ","breeding","0","Tremere"
"67","5d9f9f59a00700002f0032a8","964 001005760013",2008-10-16,"female","BR","breeding","0","Tremere"
"68","5d9f9f61a00700002f0032c6","964 001005760020",2009-12-06,"female","BR","breeding","0","Tremere"
"69","5d9f9f6da00700002f0032ec","964 001005760189",2011-10-17,"female","BR","breeding","0","Tremere"
"70","5d9f9f66a00700002f0032d5","964 001005760201",2010-10-23,"female","BR","breeding","0","Tremere"
"71","5d9f9f5fa00700002f0032bd","964 001005760256",2009-10-19,"female","BR","breeding","0","Tremere"
"72","5d9f9f62a00700002f0032c8","964 001005760260",2010-01-31,"female","BR","breeding","0","Tremere"
"73","5d9f9f74a00700002f003307","964 001005760763",2013-10-07,"female","BJ","breeding","0","Tremere"
"74","5d9f9f77a00700002f003311","964 001006027337",2014-10-20,"female","BR","breeding","0","Tremere"
"75","5d9f9f7aa00700002f00331b","964 001006027725",2014-11-22,"female","BR","breeding","0","Tremere"
"76","5d9f9f78a00700002f003313","964 001006027874",2014-11-02,"female","BR","breeding","0","Tremere"
"77","5d9f9f95a00700002f003377","964 001006027940",2014-11-14,"female","BR","breeding","0","Tremere"
"78","5d9f9f9aa00700002f003388","982 000165565405",2011-03-16,"female","BJ","breeding","0","Tremere"
"79","5d9f9f68a00700002f0032db","982 000167894732",2010-11-01,"female","BJ","breeding","0","Tremere"
"80","5d9f9f6aa00700002f0032e3","982 000167896491",2011-09-23,"female","BR","breeding","0","Tremere"
"81","5d9f9f66a00700002f0032d4","982 000167899650",2010-10-21,"female","BJ","breeding","0","Tremere"
"82","5d9f9f53a00700002f003296","982 000167906412",2006-11-13,"female","BJ","breeding","0","Tremere"
"83","5d9f9f6fa00700002f0032f6","982 000167906555",2012-10-08,"female","BJ","breeding","0","Tremere"
"84","5d9f9f70a00700002f0032f8","982 000167906575",2012-10-14,"female","BR","breeding","0","Tremere"
"85","5d9f9f65a00700002f0032d2","982 000167906854",2010-10-19,"female","BR","breeding","0","Tremere"
"86","5d9f9f66a00700002f0032d6","982 000167915843",2010-10-22,"female","BR","breeding","0","Tremere"
"87","5d9f9f63a00700002f0032cc","982 000167917630",2010-10-10,"female","BJ","breeding","0","Tremere"
"88","5d9f9f6ea00700002f0032f2","982 000167918471",2012-09-08,"female","BR","breeding","0","Tremere"
"89","5d9f9f72a00700002f0032ff","982 000167928682",2012-11-03,"female","BR","breeding","0","Tremere"
"90","5d9f9f65a00700002f0032d3","982 000167929112",2010-10-19,"female","BR","breeding","0","Tremere"
"91","5d9f9f69a00700002f0032e0","982 000167929243",2011-01-15,"female","BR","breeding","0","Tremere"
"92","5d9f9fa1a00700002f0033a3","982 000186092895",2012-11-18,"female","BR","breeding","0","Tremere"
"93","5d9f9fa1a00700002f0033a1","982 000186093168",2012-10-15,"female","BR","breeding","0","Tremere"
"94","5d9f9fa1a00700002f0033a0","982 000186097482",2012-11-20,"female","BR","breeding","0","Tremere"
"95","5d9f9fa0a00700002f00339e","982 123458795037",2012-10-19,"female","BR","breeding","0","Tremere"
"96","5d9f9f9fa00700002f00339a","982 123475155358",2009-10-15,"female","BR","breeding","0","Tremere"
"97","5d9f9fa1a00700002f00339f","982 123475155398",2012-10-15,"female","BR","breeding","0","Tremere"
"98","5d9f9f9aa00700002f00338a","982 123487738306",2013-01-01,"female","BJ","breeding","0","Tremere"
"99","5ee2fd9c9d2f00003c0075d0","982 123518924603",2016-10-08,"female","xxxxxx","breeding","0","Tremere"
"100","5ee2fd9a9d2f00003c0075cd","982 123518924607",2016-10-08,"female","xxxxxx","breeding","0","Tremere"
"101","5ee2fd979d2f00003c0075c7","982 123518924608",2016-10-02,"female","xxxxxx","breeding","0","Tremere"
"102","5ee2fd989d2f00003c0075c8","982 123518924612",2016-10-03,"female","xxxxxx","breeding","0","Tremere"
"103","5ee2fda89d2f00003c0075e4","982 123518924613",2016-10-28,"female","xxxxxx","breeding","0","Tremere"
"104","5ee2fdaa9d2f00003c0075e9","982 123518924615",2016-11-08,"female","xxxxxx","breeding","0","Tremere"
"105","5ee2fd999d2f00003c0075cb","982 123518924624",2016-10-05,"female","xxxxxx","breeding","0","Tremere"
"106","5ee2fd9e9d2f00003c0075d2","982 123518924633",2016-10-10,"female","xxxxxx","breeding","0","Tremere"
"107","5ee2fda69d2f00003c0075e0","982 123518924634",2016-10-26,"female","xxxxxx","breeding","0","Tremere"
"108","5ee2fd959d2f00003c0075c2","982 123518924635",2016-09-25,"female","xxxxxx","breeding","0","Tremere"
"109","5ee2fdad9d2f00003c0075ee","982 123518924637",2016-11-13,"female","xxxxxx","breeding","0","Tremere"
"110","5ee2fd999d2f00003c0075cc","982 123518924638",2016-10-07,"female","xxxxxx","breeding","0","Tremere"
"111","5ee2fd9b9d2f00003c0075cf","982 123518924643",2016-10-08,"female","xxxxxx","breeding","0","Tremere"
"112","5ee2fda29d2f00003c0075da","982 123518924644",2016-10-22,"female","xxxxxx","breeding","0","Tremere"
"113","5d9f9f81a00700002f003332","982 123518924750",2015-11-02,"female","TI","breeding","0","Tremere"
"114","5d9f9f82a00700002f003336","982 123518924754",2015-11-12,"female","BR","breeding","0","Tremere"
"115","5d9f9f80a00700002f003331","982 123518924767",2015-11-02,"female","BR","breeding","0","Tremere"
"116","5d9f9f7da00700002f003327","982 123518924795",2015-10-24,"female","BR","breeding","0","Tremere"
"117","5d9f9f7ba00700002f00331f","982 123518924866",2015-10-17,"female","BR","breeding","0","Tremere"
"118","5d9f9f7ba00700002f00331e","982 123518924867",2015-10-11,"female","BR","breeding","0","Tremere"
"119","5d9f9f83a00700002f003337","982 123518924868",2015-11-15,"female","BR","breeding","0","Tremere"
"120","5d9f9f7fa00700002f00332b","982 123518924872",2015-10-28,"female","BR","breeding","0","Tremere"
"121","5d9f9f7ea00700002f003329","982 123518924881",2015-10-27,"female","BJ","breeding","0","Tremere"
"122","5d9f9f82a00700002f003335","982 123518924883",2015-11-13,"female","BR","breeding","0","Tremere"
"123","5d9f9f7ca00700002f003323","982 123518924884",2015-10-21,"female","BR","breeding","0","Tremere"
"124","5d9f9f7da00700002f003326","982 123518924889",2015-10-23,"female","BJ","breeding","0","Tremere"
"125","5d9f9f7ba00700002f003320","982 123518924899",2015-10-17,"female","BJ","breeding","0","Tremere"
"126","5ee2fda99d2f00003c0075e6","982 123518924903",2016-10-31,"female","xxxxxx","breeding","0","Tremere"
"127","5ee2fda09d2f00003c0075d5","982 123518924906",2016-10-16,"female","xxxxxx","breeding","0","Tremere"
"128","5ee2fd969d2f00003c0075c5","982 123518924910",2016-09-30,"female","xxxxxx","breeding","0","Tremere"
"129","5ee2fda09d2f00003c0075d6","982 123518924912",2016-10-17,"female","xxxxxx","breeding","0","Tremere"
"130","5ee2fd959d2f00003c0075c3","982 123518924916",2016-09-30,"female","xxxxxx","breeding","0","Tremere"
"131","5ee2fd969d2f00003c0075c4","982 123518924922",2016-09-29,"female","xxxxxx","breeding","0","Tremere"
"132","5ee2fd9a9d2f00003c0075ce","982 123518924928",2016-10-08,"female","xxxxxx","breeding","0","Tremere"
"133","5d9f9f96a00700002f003378","982 123518924931",2016-11-01,"female","BR","breeding","0","Tremere"
"134","5ee2fd9f9d2f00003c0075d4","982 123518924932",2016-10-13,"female","xxxxxx","breeding","0","Tremere"
"135","5ee2fda69d2f00003c0075e1","982 123518924935",2016-10-26,"female","xxxxxx","breeding","0","Tremere"
"136","5d9f9f7da00700002f003324","982 123518924959",2015-10-22,"female","BJ","breeding","0","Tremere"
"137","5d9f9f7ca00700002f003321","982 123518924995",2015-10-18,"female","BR","breeding","0","Tremere"
"138","5d9f9f7fa00700002f00332c","982 123518924997",2015-10-30,"female","BJ","breeding","0","Tremere"
"139","5d9f9f83a00700002f003339","982 123518925027",2015-12-03,"female","BR","breeding","0","Tremere"
"140","5d9f9f82a00700002f003334","982 123518925028",2015-11-08,"female","BR","breeding","0","Tremere"
"141","5d9f9f81a00700002f003333","982 123518925031",2015-11-02,"female","SE","breeding","0","Tremere"
"142","5d9f9f83a00700002f003338","982 123518925039",2015-12-03,"female","BJ","breeding","0","Tremere"
"143","5d9f9f85a00700002f003340","982 123518925046",2015-12-20,"female","BR","breeding","0","Tremere"
"144","5d9f9f84a00700002f00333b","982 123518925047",2015-12-20,"female","BR","breeding","0","Tremere"
"145","5f62a3f46b3000000a0037ea","982 123518925058",2016-01-23,"female","xxxxxx","breeding","0","Tremere"
"146","5d9f9f72a00700002f0032fe","982 123518925065",2012-11-01,"female","BR","breeding","0","Tremere"
"147","5d9f9f67a00700002f0032d7","982 123518925067",2010-10-22,"female","BR","breeding","0","Tremere"
"148","5d9f9f64a00700002f0032cd","982 123518925070",2010-10-10,"female","BR","breeding","0","Tremere"
"149","5d9f9f85a00700002f00333e","982 123518925072",2015-12-23,"female","BR","breeding","0","Tremere"
"150","5d9f9f85a00700002f00333f","982 123518925074",2015-12-23,"female","BR","breeding","0","Tremere"
"151","5d9f9f5fa00700002f0032c0","982 123518925078",2009-10-24,"female","BR","breeding","0","Tremere"
"152","5d9f9f6ca00700002f0032eb","982 123518925083",2011-10-11,"female","BJ","breeding","0","Tremere"
"153","5d9f9f6da00700002f0032ed","982 123518925084",2011-10-20,"female","BR","breeding","0","Tremere"
"154","5d9f9f6da00700002f0032ef","982 123518925086",2011-10-30,"female","BR","breeding","0","Tremere"
"155","5d9f9f6ba00700002f0032e5","982 123518925087",2011-10-01,"female","BJ","breeding","0","Tremere"
"156","5d9f9f5ea00700002f0032bb","982 123518925090",2009-10-15,"female","BR","breeding","0","Tremere"
"157","5d9f9f6ba00700002f0032e6","982 123518925092",2011-10-01,"female","BJ","breeding","0","Tremere"
"158","5d9f9f5ea00700002f0032ba","982 123518925094",2009-10-13,"female","BR","breeding","0","Tremere"
"159","5d9f9f63a00700002f0032cb","982 123518925096",2010-10-07,"female","BJ","breeding","0","Tremere"
"160","5d9f9f61a00700002f0032c5","982 123518925097",2009-12-03,"female","BR","breeding","0","Tremere"
"161","5d9f9f6aa00700002f0032e4","982 123518925098",2011-09-25,"female","BR","breeding","0","Tremere"
"162","5d9f9f62a00700002f0032ca","982 123518925099",2010-10-05,"female","BR","breeding","0","Tremere"
"163","5d9f9f5da00700002f0032b9","982 123518925100",2009-10-11,"female","BJ","breeding","0","Tremere"
"164","5d9f9f58a00700002f0032a7","982 123518925126",2008-10-16,"female","BR","breeding","0","Tremere"
"165","5ee2fda79d2f00003c0075e3","982 123518925252",2016-10-28,"female","xxxxxx","breeding","0","Tremere"
"166","5ee2fd979d2f00003c0075c6","982 123518925256",2016-10-01,"female","xxxxxx","breeding","0","Tremere"
"167","5ee2fda39d2f00003c0075dc","982 123518925259",2016-10-24,"female","xxxxxx","breeding","0","Tremere"
"168","5ee2fdac9d2f00003c0075ec","982 123518925260",2016-11-12,"female","xxxxxx","breeding","0","Tremere"
"169","5ee2fdaa9d2f00003c0075e8","982 123518925284",2016-11-04,"female","xxxxxx","breeding","0","Tremere"
"170","5eec03e7240200007f006896","982 123518925355",2016-10-15,"female","xxxxxx","breeding","0","Tremere"
"171","5ee2fdac9d2f00003c0075ed","982 123518925375",2016-11-13,"female","xxxxxx","breeding","0","Tremere"
"172","5ee2fd9f9d2f00003c0075d3","982 123518925384",2016-10-12,"female","xxxxxx","breeding","0","Tremere"
"173","5ee2fda49d2f00003c0075dd","982 123518925393",2016-10-24,"female","xxxxxx","breeding","0","Tremere"
"174","5d9f9f4fa00700002f003286","982 123518925408",2004-10-24,"female","BR","breeding","0","Tremere"
"175","5d9f9f85a00700002f003341","982 123518925416",2015-12-23,"female","TI","breeding","0","Tremere"
"176","5d9f9f55a00700002f00329d","982 123518925434",2007-10-15,"female","BJ","breeding","0","Tremere"
"177","5d9f9f75a00700002f003309","982 123518925438",2013-10-18,"female","BR","breeding","0","Tremere"
"178","5d9f9f6ba00700002f0032e7","982 123518925444",2011-10-03,"female","BR","breeding","0","Tremere"
"179","5ee2fdaf9d2f00003c0075f3","982 123518925477",2016-12-25,"female","xxxxxx","breeding","0","Tremere"
"180","5ee2fdb59d2f00003c007607","982 123518925580",2016-11-15,"female","xxxxxx","breeding","0","Tremere"
"181","5ee2fdb59d2f00003c007606","982 123518925599",2016-10-15,"female","xxxxxx","breeding","0","Tremere"
"182","5d9f9fa2a00700002f0033a5","982 123518926242",2015-04-01,"female","BJ","breeding","0","Tremere"
"183","5d9f9f9fa00700002f003399","982 123518926244",2009-12-10,"female","BR","breeding","0","Tremere"
"184","5d9f9fa2a00700002f0033a6","982 123518926248",2015-02-01,"female","BJ","breeding","0","Tremere"
"185","5d9f9f97a00700002f00337e","982 123518926256",2010-01-13,"female","BJ","breeding","0","Tremere"
"186","5d9f9fa0a00700002f00339c","982 123518926257",2010-10-22,"female","BR","breeding","0","Tremere"
"187","5d9f9f9ca00700002f003391","982 123518926258",2014-02-16,"female","BJ","breeding","0","Tremere"
"188","5d9f9fa0a00700002f00339b","982 123518926260",2009-10-19,"female","BR","breeding","0","Tremere"
"189","5d9f9f99a00700002f003386","982 123518926263",2011-01-19,"female","BJ","breeding","0","Tremere"
"190","5d9f9f9ca00700002f003390","982 123518926266",2012-09-19,"female","BJ","breeding","0","Tremere"
"191","5d9f9f99a00700002f003385","982 123518926274",2011-01-19,"female","BJ","breeding","0","Tremere"
"192","5d9f9f98a00700002f003382","982 123518926279",2010-03-13,"female","BJ","breeding","0","Tremere"
"193","5f62a46e6b3000000a0037ef","982 123518926283",2014-02-14,"female","xxxxxx","breeding","0","Tremere"
"194","5d9f9f95a00700002f003376","982 123518926286",2006-07-12,"female","BJ","breeding","0","Tremere"
"195","5d9f9f9ca00700002f00338e","982 123518926290",2013-01-17,"female","BJ","breeding","0","Tremere"
"196","5d9f9f9da00700002f003394","982 123518926301",2005-11-04,"female","BR","breeding","0","Tremere"
"197","5d9f9f9ca00700002f00338f","982 123518926306",2012-09-17,"female","BJ","breeding","0","Tremere"
"198","5d9f9fa1a00700002f0033a2","982 123518926308",2012-11-07,"female","BR","breeding","0","Tremere"
"199","5d9f9f9ba00700002f00338b","982 123518926310",2013-03-18,"female","BJ","breeding","0","Tremere"
"200","5d9f9f99a00700002f003384","982 123518926320",2011-01-25,"female","BJ","breeding","0","Tremere"
"201","5f62a46e6b3000000a0037f0","982 123518926322",2013-01-01,"female","xxxxxx","breeding","0","Tremere"
"202","5d9f9f9ea00700002f003395","982 123518926324",2007-10-23,"female","BR","breeding","0","Tremere"
"203","5d9f9f9ea00700002f003396","982 123518926325",2007-10-15,"female","BR","breeding","0","Tremere"
"204","5d9f9f9ba00700002f00338d","982 123518926329",2012-11-14,"female","BJ","breeding","0","Tremere"
"205","5d9f9fa0a00700002f00339d","982 123518926331",2011-07-16,"female","BR","breeding","0","Tremere"
"206","5d9f9f9ea00700002f003397","982 123518926332",2004-10-15,"female","BR","breeding","0","Tremere"
"207","5ee2fdb09d2f00003c0075f6","982 123531903039",2016-10-15,"female","xxxxxx","breeding","0","Tremere"
"208","5ee2fdb19d2f00003c0075f8","982 123531903042",2016-10-15,"female","xxxxxx","breeding","0","Tremere"
"209","5ee2fdb19d2f00003c0075f9","982 123531903045",2016-11-15,"female","xxxxxx","breeding","0","Tremere"
"210","5ee2fdb09d2f00003c0075f4","982 123531903064",2016-10-15,"female","xxxxxx","breeding","0","Tremere"
"211","5ee2fdb29d2f00003c0075fc","982 123531903070",2016-11-15,"female","xxxxxx","breeding","0","Tremere"
"212","5ee2fdb29d2f00003c0075fa","982 123531903082",2016-10-15,"female","xxxxxx","breeding","0","Tremere"
"213","5ee2fdb59d2f00003c007605","982 123531903088",2016-10-15,"female","xxxxxx","breeding","0","Tremere"
"214","5ee2fdb49d2f00003c007602","982 123531903089",2016-10-15,"female","xxxxxx","breeding","0","Tremere"
"215","5ee2fdb49d2f00003c007603","982 123531903094",2016-10-15,"female","xxxxxx","breeding","0","Tremere"
"216","5ee2fdb49d2f00003c007601","982 123531903096",2016-12-15,"female","xxxxxx","breeding","0","Tremere"
"217","5ee2fdb59d2f00003c007604","982 123531903134",2017-01-15,"female","xxxxxx","breeding","0","Tremere"
"218","5ee2fda79d2f00003c0075e2","982 123531903137",2016-10-26,"female","xxxxxx","breeding","0","Tremere"
"219","5ee2fda19d2f00003c0075d7","982 123531903139",2016-10-18,"female","xxxxxx","breeding","0","Tremere"
"220","5ee2fd999d2f00003c0075ca","982 123531903142",2016-10-03,"female","xxxxxx","breeding","0","Tremere"
"221","5ee2fdae9d2f00003c0075f0","982 123531903143",2016-11-18,"female","xxxxxx","breeding","0","Tremere"
"222","5ee2fda99d2f00003c0075e7","982 123531903145",2016-10-31,"female","xxxxxx","breeding","0","Tremere"
"223","5ee2fda29d2f00003c0075d9","982 123531903149",2016-10-19,"female","xxxxxx","breeding","0","Tremere"
"224","5ee2fdaf9d2f00003c0075f2","982 123531903151",2016-11-24,"female","xxxxxx","breeding","0","Tremere"
"225","5ee2fda89d2f00003c0075e5","982 123531903154",2016-10-30,"female","xxxxxx","breeding","0","Tremere"
"226","5ee2fd9e9d2f00003c0075d1","982 123531903159",2016-10-12,"female","xxxxxx","breeding","0","Tremere"
"227","5ee2fdab9d2f00003c0075ea","982 123531903161",2016-11-08,"female","xxxxxx","breeding","0","Tremere"
"228","5ee2fda59d2f00003c0075df","982 123531903164",2016-10-24,"female","xxxxxx","breeding","0","Tremere"
"229","5ee2fdaf9d2f00003c0075f1","982 123531903168",2016-11-19,"female","xxxxxx","breeding","0","Tremere"
"230","5ee2fda59d2f00003c0075de","982 123531903171",2016-10-24,"female","xxxxxx","breeding","0","Tremere"
"231","5ee2fd989d2f00003c0075c9","982 123531903173",2016-10-03,"female","xxxxxx","breeding","0","Tremere"
"232","5ee2fdab9d2f00003c0075eb","982 123531903174",2016-11-09,"female","xxxxxx","breeding","0","Tremere"
"233","5eec03e7240200007f006895","982 123531903175",2016-10-16,"female","xxxxxx","breeding","0","Tremere"
"234","5ee2fdad9d2f00003c0075ef","982 123531903183",2016-11-15,"female","xxxxxx","breeding","0","Tremere"
"235","5ee2fda39d2f00003c0075db","982 123531903186",2016-10-21,"female","xxxxxx","breeding","0","Tremere"
"236","5ee2fdb39d2f00003c0075fe","982 123531903192",2016-10-15,"female","xxxxxx","breeding","0","Tremere"
"237","5ee2fdb19d2f00003c0075f7","982 123531903195",2016-10-15,"female","xxxxxx","breeding","0","Tremere"
"238","5ee2fdb39d2f00003c007600","982 123531903196",2016-10-15,"female","xxxxxx","breeding","0","Tremere"
"239","5ee2fdb39d2f00003c0075ff","982 123531903204",2016-10-15,"female","xxxxxx","breeding","0","Tremere"
"240","5ee2fdb09d2f00003c0075f5","982 123531903209",2016-10-15,"female","xxxxxx","breeding","0","Tremere"
"241","5ee2fdb29d2f00003c0075fb","982 123531903211",2016-11-15,"female","xxxxxx","breeding","0","Tremere"
"242","5ee2fdb29d2f00003c0075fd","982 123531903233",2016-10-15,"female","xxxxxx","breeding","0","Tremere"
"243","5d9f9f8da00700002f003359","982 123531903453",2017-10-11,"female","BR","breeding","0","Tremere"
"244","5d9f9f8fa00700002f003361","982 123531903479",2017-10-18,"female","BJ","breeding","0","Tremere"
"245","5d9f9f8da00700002f00335c","982 123531903481",2017-10-15,"female","BR","breeding","0","Tremere"
"246","5d9f9f8ba00700002f003352","982 123531903537",2017-10-08,"female","BR","breeding","0","Tremere"
"247","5d9f9f93a00700002f003370","982 123531903553",2017-11-23,"female","BJ","breeding","0","Tremere"
"248","5d9f9f8ba00700002f003353","982 123531903587",2017-10-07,"female","BR","breeding","0","Tremere"
"249","5d9f9f89a00700002f00334e","982 123531903605",2017-10-02,"female","BR","breeding","0","Tremere"
"250","5d9f9f8ba00700002f003354","982 123531903608",2017-10-09,"female","SE","breeding","0","Tremere"
"251","5d9f9f88a00700002f00334b","982 123531903611",2017-09-30,"female","SE","breeding","0","Tremere"
"252","5d9f9f87a00700002f003346","982 123531903637",2017-08-28,"female","BJ","breeding","0","Tremere"
"253","5d9f9f8ca00700002f003356","982 123531903640",2017-10-08,"female","BJ","breeding","0","Tremere"
"254","5d9f9f87a00700002f003345","982 123531903642",2017-09-25,"female","BR","breeding","0","Tremere"
"255","5d9f9f88a00700002f003349","982 123531903647",2017-09-28,"female","BJ","breeding","0","Tremere"
"256","5d9f9f8ba00700002f003355","982 123531903650",2017-10-08,"female","BR","breeding","0","Tremere"
"257","5d9f9f94a00700002f003373","982 123531903651",2017-10-04,"female","BR","breeding","0","Tremere"
"258","5d9f9f92a00700002f00336b","982 123531903654",2017-11-10,"female","BR","breeding","0","Tremere"
"259","5d9f9f90a00700002f003364","982 123531903656",2017-10-21,"female","BR","breeding","0","Tremere"
"260","5d9f9f91a00700002f003369","982 123531903659",2017-11-05,"female","BR","breeding","0","Tremere"
"261","5d9f9f8ea00700002f00335e","982 123531903660",2017-10-17,"female","BR","breeding","0","Tremere"
"262","5d9f9f8ea00700002f00335d","982 123531903661",2017-10-15,"female","BR","breeding","0","Tremere"
"263","5d9f9f8fa00700002f003362","982 123531903662",2017-10-19,"female","BR","breeding","0","Tremere"
"264","5d9f9f91a00700002f003368","982 123531903663",2017-10-24,"female","BR","breeding","0","Tremere"
"265","5d9f9f91a00700002f003367","982 123531903669",2017-10-25,"female","BR","breeding","0","Tremere"
"266","5d9f9f92a00700002f00336a","982 123531903675",2017-11-05,"female","BR","breeding","0","Tremere"
"267","5d9f9f90a00700002f003365","982 123531903677",2017-10-12,"female","BJ","breeding","0","Tremere"
"268","5d9f9f8fa00700002f003360","982 123531903682",2017-10-20,"female","BR","breeding","0","Tremere"
"269","5d9f9f92a00700002f00336c","982 123531903683",2017-11-10,"female","BR","breeding","0","Tremere"
"270","5ee2fdb89d2f00003c007611","982 123531903702",2016-10-15,"female","xxxxxx","breeding","0","Tremere"
"271","5ee2fdb99d2f00003c007612","982 123531903705",2016-11-15,"female","xxxxxx","breeding","0","Tremere"
"272","5ee2fdb89d2f00003c00760f","982 123531903728",2016-10-15,"female","xxxxxx","breeding","0","Tremere"
"273","5eec03e6240200007f006892","982 123531903731",2016-10-15,"female","xxxxxx","breeding","0","Tremere"
"274","5ee2fdb89d2f00003c007610","982 123531903735",2016-10-15,"female","xxxxxx","breeding","0","Tremere"
"275","5ee2fdb79d2f00003c00760c","982 123531903790",2016-10-15,"female","xxxxxx","breeding","0","Tremere"
"276","5ee2fdb69d2f00003c00760a","982 123531903792",2016-11-15,"female","xxxxxx","breeding","0","Tremere"
"277","5eec03e6240200007f006894","982 123531903800",2016-11-15,"female","xxxxxx","breeding","0","Tremere"
"278","5ee2fdb79d2f00003c00760d","982 123531903803",2016-11-15,"female","xxxxxx","breeding","0","Tremere"
"279","5ee2fdb69d2f00003c007608","982 123531903807",2016-10-15,"female","xxxxxx","breeding","0","Tremere"
"280","5ee2fdb69d2f00003c00760b","982 123531903808",2016-11-15,"female","xxxxxx","breeding","0","Tremere"
"281","5ee2fdb79d2f00003c00760e","982 123531903812",2016-11-15,"female","xxxxxx","breeding","0","Tremere"
"282","5f162fe0af670000cc0063ce","982 123531903835",2016-11-15,"female","xxxxxx","breeding","0","Tremere"
"283","5ee2fdb99d2f00003c007614","982 123531903847",2016-11-15,"female","xxxxxx","breeding","0","Tremere"
"284","5ee2fdb99d2f00003c007615","982 123531903849",2016-10-15,"female","xxxxxx","breeding","0","Tremere"
"285","5ee2fdbb9d2f00003c00761a","982 123531903860",2016-10-15,"female","xxxxxx","breeding","0","Tremere"
"286","5ee2fdba9d2f00003c007617","982 123531903866",2016-11-15,"female","xxxxxx","breeding","0","Tremere"
"287","5ee2fdba9d2f00003c007616","982 123531903867",2016-10-15,"female","xxxxxx","breeding","0","Tremere"
"288","5ee2fdba9d2f00003c007618","982 123531903872",2016-11-15,"female","xxxxxx","breeding","0","Tremere"
"289","5eec03e6240200007f006893","982 123531903879",2016-10-15,"female","xxxxxx","breeding","0","Tremere"
"290","5ee2fdbc9d2f00003c00761d","982 123531903880",2016-11-15,"female","xxxxxx","breeding","0","Tremere"
"291","5ee2fdb99d2f00003c007613","982 123531903882",2016-10-15,"female","xxxxxx","breeding","0","Tremere"
"292","5d9f9f8ea00700002f00335f","982 123531903903",2017-10-16,"female","BR","breeding","0","Tremere"
"293","5d9f9f93a00700002f00336f","982 123531903907",2017-11-20,"female","BR","breeding","0","Tremere"
"294","5d9f9f54a00700002f003297","982 123531903937",2006-11-19,"female","BJ","breeding","0","Tremere"
"295","5d9f9f57a00700002f0032a2","982 123531903942",2007-10-24,"female","BJ","breeding","0","Tremere"
"296","5d9f9f50a00700002f003289","982 123531903945",2006-10-03,"female","BR","breeding","0","Tremere"
"297","5d9f9f50a00700002f00328a","982 123531903946",2006-10-05,"female","BJ","breeding","0","Tremere"
"298","5d9f9f53a00700002f003295","982 123531903948",2006-11-05,"female","BR","breeding","0","Tremere"
"299","5d9f9f51a00700002f00328f","982 123531903950",2006-10-20,"female","BR","breeding","0","Tremere"
"300","5d9f9f5da00700002f0032b6","982 123531903951",2009-10-04,"female","BR","breeding","0","Tremere"
"301","5d9f9f74a00700002f003305","982 123531903952",2012-10-21,"female","BR","breeding","0","Tremere"
"302","5d9f9f6ca00700002f0032e9","982 123531903954",2011-10-09,"female","BR","breeding","0","Tremere"
"303","5d9f9f54a00700002f003298","982 123531903955",2006-11-27,"female","BR","breeding","0","Tremere"
"304","5d9f9f59a00700002f0032a9","982 123531903956",2008-10-20,"female","BR","breeding","0","Tremere"
"305","5d9f9f57a00700002f0032a1","982 123531903957",2007-10-20,"female","BJ","breeding","0","Tremere"
"306","5d9f9f6ca00700002f0032ea","982 123531903958",2011-10-10,"female","BR","breeding","0","Tremere"
"307","5d9f9f54a00700002f00329a","982 123531903960",2007-09-20,"female","BR","breeding","0","Tremere"
"308","5d9f9f57a00700002f0032a3","982 123531903962",2007-10-25,"female","BJ","breeding","0","Tremere"
"309","5d9f9f56a00700002f00329e","982 123531903963",2007-10-14,"female","BJ","breeding","0","Tremere"
"310","5d9f9f6fa00700002f0032f3","982 123531903964",2012-10-02,"female","BR","breeding","0","Tremere"
"311","5d9f9f53a00700002f003294","982 123531903966",2006-10-31,"female","BR","breeding","0","Tremere"
"312","5d9f9f71a00700002f0032fb","982 123531903972",2012-10-23,"female","BR","breeding","0","Tremere"
"313","5d9f9f54a00700002f003299","982 123531903973",2006-11-15,"female","BR","breeding","0","Tremere"
"314","5d9f9f79a00700002f003319","982 123531903975",2014-11-16,"female","BR","breeding","0","Tremere"
"315","5d9f9f6aa00700002f0032e2","982 123531903976",2011-09-23,"female","BJ","breeding","0","Tremere"
"316","5d9f9f70a00700002f0032f7","982 123531903977",2012-10-14,"female","BR","breeding","0","Tremere"
"317","5d9f9f6da00700002f0032ee","982 123531903981",2011-10-27,"female","BJ","breeding","0","Tremere"
"318","5d9f9f60a00700002f0032c1","982 123531903982",2009-10-25,"female","BR","breeding","0","Tremere"
"319","5d9f9f52a00700002f003290","982 123531903985",2006-10-21,"female","BJ","breeding","0","Tremere"
"320","5ee2fdbb9d2f00003c007619","982 123531903994",2016-10-15,"female","xxxxxx","breeding","0","Tremere"
"321","5d9f9f84a00700002f00333c","982 123531904002",2015-12-12,"female","BR","breeding","0","Tremere"
"322","5ee2fdbb9d2f00003c00761b","982 123531904005",2016-12-15,"female","xxxxxx","breeding","0","Tremere"
"323","5ee2fdbc9d2f00003c00761c","982 123531904010",2016-10-15,"female","xxxxxx","breeding","0","Tremere"
"324","5ee2fdbc9d2f00003c00761e","982 123531904019",2016-10-15,"female","xxxxxx","breeding","0","Tremere"
"325","5d9f9f8ca00700002f003358","982 123531904044",2017-10-11,"female","BR","breeding","0","Tremere"
"326","5d9f9f93a00700002f00336d","982 123531904046",2017-11-16,"female","BR","breeding","0","Tremere"
"327","5d9f9f89a00700002f00334d","982 123531904047",2017-10-01,"female","BR","breeding","0","Tremere"
"328","5d9f9f89a00700002f00334c","982 123531904049",2017-09-30,"female","BJ","breeding","0","Tremere"
"329","5d9f9f89a00700002f00334f","982 123531904052",2017-10-03,"female","BR","breeding","0","Tremere"
"330","5d9f9f87a00700002f003347","982 123531904056",2017-09-26,"female","BR","breeding","0","Tremere"
"331","5d9f9f90a00700002f003363","982 123531904057",2017-10-22,"female","BR","breeding","0","Tremere"
"332","5d9f9f86a00700002f003344","982 123531904059",2017-09-25,"female","BR","breeding","0","Tremere"
"333","5d9f9f8aa00700002f003351","982 123531904060",2017-10-05,"female","SE","breeding","0","Tremere"
"334","5d9f9f86a00700002f003343","982 123531904061",2017-09-23,"female","BJ","breeding","0","Tremere"
"335","5d9f9f8ca00700002f003357","982 123531904067",2017-10-11,"female","BR","breeding","0","Tremere"
"336","5d9f9f8da00700002f00335a","982 123531904068",2017-10-12,"female","SE","breeding","0","Tremere"
"337","5d9f9f87a00700002f003348","982 123531904073",2017-09-28,"female","BJ","breeding","0","Tremere"
"338","5d9f9f94a00700002f003371","982 123531904074",2017-11-29,"female","BR","breeding","0","Tremere"
"339","5d9f9f93a00700002f00336e","982 123531904079",2017-11-18,"female","BR","breeding","0","Tremere"
"340","5d9f9f90a00700002f003366","982 123531904081",2017-10-24,"female","BR","breeding","0","Tremere"
"341","5d9f9f8da00700002f00335b","982 123531904082",2017-10-12,"female","BR","breeding","0","Tremere"
"342","5d9f9f86a00700002f003342","982 123531904085",2017-09-20,"female","BR","breeding","0","Tremere"
"343","5d9f9f94a00700002f003372","982 123531904093",2017-12-30,"female","BJ","breeding","0","Tremere"
"344","5d9f9f88a00700002f00334a","982 123531904107",2017-09-28,"female","BR","breeding","0","Tremere"
"345","5ee2fdbd9d2f00003c00761f","982 123531904112",2016-10-15,"female","xxxxxx","breeding","0","Tremere"
"346","5d9f9f8aa00700002f003350","982 123531904126",2017-10-04,"female","BR","breeding","0","Tremere"
"347","5f0be7ab21770000fb006de5","982 123552415277",2017-10-15,"female","xxxxxx","breeding","0","Tremere"
"348","610892a80f25000003005371","982 123552415415",2018-10-08,"female","xxxxxx","breeding","0","Tremere"
"349","610892a90f25000003005375","982 123552415418",2018-10-21,"female","xxxxxx","breeding","0","Tremere"
"350","610892a70f25000003005366","982 123552415425",2018-09-26,"female","xxxxxx","breeding","0","Tremere"
"351","610892a70f25000003005365","982 123552415430",2018-09-26,"female","xxxxxx","breeding","0","Tremere"
"352","610892a90f25000003005379","982 123552415433",2018-10-25,"female","xxxxxx","breeding","0","Tremere"
"353","610892a80f25000003005374","982 123552415437",2018-10-17,"female","xxxxxx","breeding","0","Tremere"
"354","610892a70f2500000300536a","982 123552415438",2018-10-01,"female","xxxxxx","breeding","0","Tremere"
"355","610892a80f2500000300536d","982 123552415458",2018-10-05,"female","xxxxxx","breeding","0","Tremere"
"356","610892a90f2500000300537a","982 123552415459",2018-11-07,"female","xxxxxx","breeding","0","Tremere"
"357","610892a70f25000003005369","982 123552415478",2018-09-28,"female","xxxxxx","breeding","0","Tremere"
"358","610892a80f25000003005370","982 123552415479",2018-10-08,"female","xxxxxx","breeding","0","Tremere"
"359","610892a80f25000003005373","982 123552415484",2018-10-13,"female","xxxxxx","breeding","0","Tremere"
"360","610892a90f25000003005376","982 123552415490",2018-10-22,"female","xxxxxx","breeding","0","Tremere"
"361","610892a70f2500000300536b","982 123552415492",2018-10-02,"female","xxxxxx","breeding","0","Tremere"
"362","610892a90f25000003005377","982 123552415495",2018-10-23,"female","xxxxxx","breeding","0","Tremere"
"363","610892a80f25000003005372","982 123552415500",2018-10-12,"female","xxxxxx","breeding","0","Tremere"
"364","610891040f25000003005312","982 123552415505",1970-01-01,"female","xxxxxx","breeding","0","Tremere"
"365","610892a80f2500000300536f","982 123552415506",2018-10-08,"female","xxxxxx","breeding","0","Tremere"
"366","610892a70f2500000300536c","982 123552415512",2018-10-04,"female","xxxxxx","breeding","0","Tremere"
"367","5d9f9f52a00700002f003291","982 123552415517",2006-10-25,"female","BJ","breeding","0","Tremere"
"368","5d9f9f68a00700002f0032dc","982 123552415519",2010-11-06,"female","BJ","breeding","0","Tremere"
"369","5d9f9f74a00700002f003306","982 123552415520",2013-02-15,"female","BR","breeding","0","Tremere"
"370","5d9f9f72a00700002f003300","982 123552415521",2012-11-07,"female","BR","breeding","0","Tremere"
"371","610892a90f2500000300537c","982 123552415528",2018-12-25,"female","xxxxxx","breeding","0","Tremere"
"372","5d9f9f69a00700002f0032de","982 123552415529",2010-11-11,"female","BR","breeding","0","Tremere"
"373","5d9f9f58a00700002f0032a5","982 123552415531",2007-12-30,"female","BJ","breeding","0","Tremere"
"374","610892aa0f2500000300537f","982 123552415532",2018-08-04,"female","xxxxxx","breeding","0","Tremere"
"375","5d9f9f73a00700002f003302","982 123552415535",2012-10-05,"female","BR","breeding","0","Tremere"
"376","5d9f9f55a00700002f00329b","982 123552415536",2007-10-03,"female","BJ","breeding","0","Tremere"
"377","5ee2fda19d2f00003c0075d8","982 123552415538",2016-10-19,"female","xxxxxx","breeding","0","Tremere"
"378","5d9f9f70a00700002f0032f9","982 123552415541",2012-10-18,"female","BJ","breeding","0","Tremere"
"379","5d9f9f6ea00700002f0032f1","982 123552415554",2012-09-05,"female","BR","breeding","0","Tremere"
"380","5d9f9f73a00700002f003303","982 123552415556",2012-10-16,"female","BR","breeding","0","Tremere"
"381","5d9f9f4fa00700002f003285","982 123552415557",2004-09-22,"female","BR","breeding","0","Tremere"
"382","5d9f9f51a00700002f00328d","982 123552415558",2006-10-16,"female","BJ","breeding","0","Tremere"
"383","5d9f9f71a00700002f0032fc","982 123552415561",2012-10-28,"female","BR","breeding","0","Tremere"
"384","5d9f9f51a00700002f00328c","982 123552415563",2006-10-16,"female","BJ","breeding","0","Tremere"
"385","5f0be7ac21770000fb006de7","982 123552415581",2017-11-15,"female","xxxxxx","breeding","0","Tremere"
"386","5f0be7ac21770000fb006dea","982 123552415611",2017-11-15,"female","xxxxxx","breeding","0","Tremere"
"387","5f0be7ac21770000fb006deb","982 123552415615",2017-10-15,"female","xxxxxx","breeding","0","Tremere"
"388","5d9f9f5da00700002f0032b7","982 123552415665",2009-10-05,"female","BR","breeding","0","Tremere"
"389","5d9f9f6ba00700002f0032e8","982 123552415667",2011-10-09,"female","BR","breeding","0","Tremere"
"390","5d9f9f5da00700002f0032b8","982 123552415669",2009-10-11,"female","BJ","breeding","0","Tremere"
"391","5d9f9f7aa00700002f00331c","982 123552415674",2014-11-28,"female","BR","breeding","0","Tremere"
"392","5d9f9f75a00700002f003308","982 123552415677",2013-10-16,"female","BJ","breeding","0","Tremere"
"393","5d9f9f79a00700002f003316","982 123552415678",2014-11-08,"female","BJ","breeding","0","Tremere"
"394","5d9f9f64a00700002f0032cf","982 123552415679",2010-10-10,"female","BR","breeding","0","Tremere"
"395","610891050f2500000300531d","982 123552415682",1970-01-01,"female","xxxxxx","breeding","0","Tremere"
"396","610892a60f25000003005363","982 123552415685",2018-05-15,"female","xxxxxx","breeding","0","Tremere"
"397","5d9f9f69a00700002f0032df","982 123552415686",2010-11-14,"female","BJ","breeding","0","Tremere"
"398","5d9f9f67a00700002f0032da","982 123552415687",2010-10-30,"female","BJ","breeding","0","Tremere"
"399","610892a90f25000003005378","982 123552415713",2018-10-24,"female","xxxxxx","breeding","0","Tremere"
"400","5f0be7ab21770000fb006de3","982 123552415717",2017-11-15,"female","xxxxxx","breeding","0","Tremere"
"401","5f0be7ab21770000fb006de4","982 123552415730",2017-10-15,"female","xxxxxx","breeding","0","Tremere"
"402","610891050f2500000300531c","982 123552415736",1970-01-01,"female","xxxxxx","breeding","0","Tremere"
"403","5f0be7ab21770000fb006de2","982 123552415759",2017-11-15,"female","xxxxxx","breeding","0","Tremere"
"404","610892a70f25000003005364","982 123552415772",2018-09-24,"female","xxxxxx","breeding","0","Tremere"
"405","610892a90f2500000300537b","982 123552415792",2018-11-16,"female","xxxxxx","breeding","0","Tremere"
"406","610892a70f25000003005367","982 123552415810",2018-09-26,"female","xxxxxx","breeding","0","Tremere"
"407","5f0be7ac21770000fb006de8","982 123552415847",2017-10-15,"female","xxxxxx","breeding","0","Tremere"
"408","5f0be7ac21770000fb006de9","982 123552415854",2017-10-15,"female","xxxxxx","breeding","0","Tremere"
"409","610892ae0f250000030053a2","982 123723780457",2018-10-15,"female","xxxxxx","breeding","0","Tremere"
"410","610892ad0f250000030053a0","982 123723780472",2018-10-15,"female","xxxxxx","breeding","0","Tremere"
"411","5d9f9f64a00700002f0032d0","982 123723780482",2010-10-13,"female","BR","breeding","0","Tremere"
"412","610892ac0f25000003005393","982 123723780492",2018-10-15,"female","xxxxxx","breeding","0","Tremere"
"413","610892ab0f2500000300538e","982 123723780497",2018-10-15,"female","xxxxxx","breeding","0","Tremere"
"414","610892ac0f25000003005391","982 123723780498",2018-10-15,"female","xxxxxx","breeding","0","Tremere"
"415","5d9f9f69a00700002f0032e1","982 123723780499",2011-07-11,"female","BJ","breeding","0","Tremere"
"416","610892aa0f25000003005382","982 123723780503",2018-11-15,"female","xxxxxx","breeding","0","Tremere"
"417","610892ab0f2500000300538b","982 123723780508",2018-09-15,"female","xxxxxx","breeding","0","Tremere"
"418","610892ad0f2500000300539a","982 123723780512",2018-10-15,"female","xxxxxx","breeding","0","Tremere"
"419","5d9f9f77a00700002f003312","982 123723780514",2014-10-30,"female","BJ","breeding","0","Tremere"
"420","610892aa0f25000003005385","982 123723780515",2018-10-15,"female","xxxxxx","breeding","0","Tremere"
"421","610892ac0f25000003005390","982 123723780519",2018-12-15,"female","xxxxxx","breeding","0","Tremere"
"422","610892ab0f2500000300538a","982 123723780520",2018-10-15,"female","xxxxxx","breeding","0","Tremere"
"423","610892ac0f25000003005392","982 123723780527",2018-11-15,"female","xxxxxx","breeding","0","Tremere"
"424","610892ad0f2500000300539f","982 123723780540",2018-11-15,"female","xxxxxx","breeding","0","Tremere"
"425","5d9f9f99a00700002f003383","982 123723780742",2011-01-01,"female","BJ","breeding","0","Tremere"
"426","5d9f9f73a00700002f003301","982 123723780743",2012-11-14,"female","BJ","breeding","0","Tremere"
"427","5d9f9f73a00700002f003304","982 123723780747",2012-10-18,"female","TI","breeding","0","Tremere"
"428","5d9f9f71a00700002f0032fa","982 123723780754",2012-10-21,"female","BR","breeding","0","Tremere"
"429","5d9f9f53a00700002f003293","982 123723780759",2006-10-30,"female","BR","breeding","0","Tremere"
"430","5d9f9f6fa00700002f0032f5","982 123723780764",2012-10-07,"female","BJ","breeding","0","Tremere"
"431","5d9f9f67a00700002f0032d9","982 123723780770",2010-10-27,"female","BJ","breeding","0","Tremere"
"432","610892ad0f2500000300539d","982 123723780774",2018-11-15,"female","xxxxxx","breeding","0","Tremere"
"433","5d9f9f56a00700002f0032a0","982 123723780776",2007-10-19,"female","BR","breeding","0","Tremere"
"434","5d9f9f77a00700002f00330f","982 123723780778",2014-10-15,"female","BR","breeding","0","Tremere"
"435","63dc5bb6755100006f006588","982 123723780784",2019-07-17,"female","xxxxxx","breeding","0","Tremere"
"436","615d219cc84000003a0017ce","982 123723780802",1970-01-01,"female","xxxxxx","breeding","0","Tremere"
"437","63dc5bb6755100006f00658a","982 123723780821",2019-07-29,"female","xxxxxx","breeding","0","Tremere"
"438","610892aa0f25000003005383","982 123723780832",2018-11-15,"female","xxxxxx","breeding","0","Tremere"
"439","610892ab0f2500000300538d","982 123723780844",2018-12-15,"female","xxxxxx","breeding","0","Tremere"
"440","610891030f2500000300530a","982 123723780852",1970-01-01,"female","xxxxxx","breeding","0","Tremere"
"441","5d9f9f64a00700002f0032ce","982 123723780859",2010-10-10,"female","BJ","breeding","0","Tremere"
"442","610892ab0f2500000300538c","982 123723780860",2018-11-15,"female","xxxxxx","breeding","0","Tremere"
"443","610892ac0f25000003005394","982 123723780862",2018-10-15,"female","xxxxxx","breeding","0","Tremere"
"444","610892ad0f25000003005398","982 123723780863",2018-11-15,"female","xxxxxx","breeding","0","Tremere"
"445","610892ad0f25000003005399","982 123723780864",2018-10-15,"female","xxxxxx","breeding","0","Tremere"
"446","610892ac0f25000003005396","982 123723780870",2018-10-15,"female","xxxxxx","breeding","0","Tremere"
"447","610892ac0f25000003005395","982 123723780873",2018-11-15,"female","xxxxxx","breeding","0","Tremere"
"448","610892ab0f25000003005389","982 123723780875",2018-10-15,"female","xxxxxx","breeding","0","Tremere"
"449","610892ad0f2500000300539b","982 123723780879",2018-10-15,"female","xxxxxx","breeding","0","Tremere"
"450","610892a90f2500000300537d","982 123723780880",2018-12-15,"female","xxxxxx","breeding","0","Tremere"
"451","610892ac0f2500000300538f","982 123723780985",2018-10-15,"female","xxxxxx","breeding","0","Tremere"
"452","610892ab0f25000003005387","982 123723780988",2018-11-15,"female","xxxxxx","breeding","0","Tremere"
"453","610892a80f2500000300536e","982 123723780997",2018-10-06,"female","xxxxxx","breeding","0","Tremere"
"454","610892ad0f2500000300539c","982 123723781003",2018-09-15,"female","xxxxxx","breeding","0","Tremere"
"455","610892a70f25000003005368","982 123723781005",2018-09-25,"female","xxxxxx","breeding","0","Tremere"
"456","610892aa0f25000003005384","982 123723781007",2018-11-15,"female","xxxxxx","breeding","0","Tremere"
"457","610892aa0f25000003005380","982 123723781014",2018-10-15,"female","xxxxxx","breeding","0","Tremere"
"458","610892aa0f25000003005381","982 123723781019",2018-11-15,"female","xxxxxx","breeding","0","Tremere"
"459","610892ab0f25000003005386","982 123723781020",2018-10-15,"female","xxxxxx","breeding","0","Tremere"
"460","610892ac0f25000003005397","982 123723781027",2018-09-15,"female","xxxxxx","breeding","0","Tremere"
"461","610892ae0f250000030053a1","982 123723781031",2018-10-15,"female","xxxxxx","breeding","0","Tremere"
"462","610891050f2500000300531e","982 123723781047",1970-01-01,"female","xxxxxx","breeding","0","Tremere"
"463","610892ae0f250000030053a4","982 123723781057",2018-11-15,"female","xxxxxx","breeding","0","Tremere"
"464","5d9f9f5ba00700002f0032b2","982 123723781132",2008-11-12,"female","BN","breeding","0","Tremere"
"465","5d9f9f5ba00700002f0032af","982 123723781138",2008-10-30,"female","BR","breeding","0","Tremere"
"466","610892ad0f2500000300539e","982 123723781150",2018-10-15,"female","xxxxxx","breeding","0","Tremere"
"467","5d9f9f67a00700002f0032d8","982 123723781152",2010-10-24,"female","BR","breeding","0","Tremere"
"468","5d9f9f6fa00700002f0032f4","982 123723781153",2012-10-04,"female","BR","breeding","0","Tremere"
"469","5d9f9f57a00700002f0032a4","982 123723781170",2007-11-01,"female","BR","breeding","0","Tremere"
"470","610892ae0f250000030053a3","982 123723781192",2018-10-15,"female","xxxxxx","breeding","0","Tremere"
"471","5dc2293bc46c000078003130","982 123737116867",2019-09-15,"female","xxxxxx","growing","29.5","Tremere"
"472","5dc22944c46c00007800314e","982 123737116868",2019-09-18,"female","xxxxxx","growing","37.9","Tremere"
"473","5dc22933c46c000078003112","982 123737116869",2019-09-07,"female","xxxxxx","growing","41.6","Tremere"
"474","5dc2293dc46c000078003134","982 123737116870",2019-09-15,"female","xxxxxx","growing","29.1","Tremere"
"475","5dc22937c46c000078003122","982 123737116871",2019-09-05,"female","xxxxxx","growing","43.3","Tremere"
"476","5dc2293dc46c000078003136","982 123737116872",2019-09-15,"female","xxxxxx","growing","34.6","Tremere"
"477","5dc22938c46c000078003125","982 123737116874",2019-09-16,"male","xxxxxx","growing","45.5","Tremere"
"478","5dc22943c46c00007800314c","982 123737116875",2019-09-19,"female","xxxxxx","growing","41.1","Tremere"
"479","5dc2293cc46c000078003131","982 123737116876",2019-09-17,"male","xxxxxx","growing","41.6","Tremere"
"480","5dc22934c46c000078003115","982 123737116877",2019-09-07,"male","xxxxxx","growing","41.3","Tremere"
"481","5dc22934c46c000078003117","982 123737116878",2019-09-11,"male","xxxxxx","growing","35.7","Tremere"
"482","5dc22940c46c000078003142","982 123737116879",2019-09-17,"female","xxxxxx","growing","45.6","Tremere"
"483","5dc22935c46c000078003119","982 123737116880",2019-07-02,"male","xxxxxx","growing",NA,"Tremere"
"484","5dc2293ac46c00007800312a","982 123737116881",2019-09-15,"female","xxxxxx","growing","39.2","Tremere"
"485","5dc22942c46c000078003148","982 123737116882",2019-09-19,"female","xxxxxx","growing","36.8","Tremere"
"486","5dc2293bc46c00007800312f","982 123737116883",2019-09-17,"male","xxxxxx","growing","35.4","Tremere"
"487","5dc2293bc46c00007800312d","982 123737116884",2019-09-17,"male","xxxxxx","growing","32.6","Tremere"
"488","5dc2293ec46c00007800313a","982 123737116885",2019-09-15,"female","xxxxxx","growing","36.2","Tremere"
"489","5dc22933c46c000078003113","982 123737116886",2019-09-07,"male","xxxxxx","growing","47","Tremere"
"490","5dc22936c46c00007800311c","982 123737116887",2019-09-06,"female","xxxxxx","growing","42.8","Tremere"
"491","5dc22939c46c000078003127","982 123737116888",2019-09-15,"male","xxxxxx","growing","29.8","Tremere"
"492","5dc2293ac46c00007800312b","982 123737116889",2019-09-17,"male","xxxxxx","growing","33","Tremere"
"493","5dc22935c46c000078003118","982 123737116890",2019-09-07,"female","xxxxxx","growing","37","Tremere"
"494","5dc22933c46c000078003114","982 123737116891",2019-09-09,"female","xxxxxx","growing","46.4","Tremere"
"495","5dc22934c46c000078003116","982 123737116892",2019-09-06,"female","xxxxxx","growing","37.6","Tremere"
"496","5dc22937c46c000078003120","982 123737116893",2019-09-06,"female","xxxxxx","growing","36.9","Tremere"
"497","5dc22939c46c000078003128","982 123737116894",2019-09-13,"female","xxxxxx","growing","32.8","Tremere"
"498","5dc22936c46c00007800311d","982 123737116895",2019-09-08,"male","xxxxxx","growing","40.6","Tremere"
"499","5dc22938c46c000078003124","982 123737116896",2019-09-09,"female","xxxxxx","growing","41","Tremere"
"500","5dc22937c46c00007800311f","982 123737116897",2019-09-09,"male","xxxxxx","growing","35.2","Tremere"
"501","5dc22935c46c00007800311a","982 123737116898",2019-09-09,"female","xxxxxx","growing","27","Tremere"
"502","5dc2293cc46c000078003133","982 123737116899",2019-09-19,"male","xxxxxx","growing","47.1","Tremere"
"503","5dc22940c46c000078003140","982 123737116900",2019-09-17,"female","xxxxxx","growing","41.7","Tremere"
"504","5dc2293bc46c00007800312e","982 123737116901",2019-09-15,"female","xxxxxx","growing","31.4","Tremere"
"505","5dc2293fc46c00007800313e","982 123737116902",2019-09-17,"female","xxxxxx","growing","35.7","Tremere"
"506","5dc22938c46c000078003123","982 123737116903",2019-09-13,"male","xxxxxx","growing","39.1","Tremere"
"507","5dc2293fc46c00007800313c","982 123737116904",2019-09-17,"female","xxxxxx","growing","35.4","Tremere"
"508","5dc2293dc46c000078003135","982 123737116905",2019-09-17,"male","xxxxxx","growing","37.5","Tremere"
"509","5dc2293ec46c000078003138","982 123737116906",2019-09-15,"female","xxxxxx","growing","38.9","Tremere"
"510","5dc22935c46c00007800311b","982 123737116907",2019-09-10,"male","xxxxxx","growing","36.5","Tremere"
"511","5dc22936c46c00007800311e","982 123737116908",2019-09-10,"female","xxxxxx","growing","37.5","Tremere"
"512","5dc22941c46c000078003144","982 123737116909",2019-09-18,"female","xxxxxx","growing","32.8","Tremere"
"513","5dc2293ac46c00007800312c","982 123737116910",2019-09-15,"female","xxxxxx","growing","40.9","Tremere"
"514","5dc22942c46c000078003146","982 123737116911",2019-09-19,"female","xxxxxx","growing","37","Tremere"
"515","5dc22939c46c000078003126","982 123737116912",2019-09-10,"female","xxxxxx","growing","39.3","Tremere"
"516","5dc22939c46c000078003129","982 123737116913",2019-09-17,"male","xxxxxx","growing","44.4","Tremere"
"517","5dc22937c46c000078003121","982 123737116914",2019-09-09,"male","xxxxxx","growing","32.2","Tremere"
"518","5dc2293cc46c000078003132","982 123737116915",2019-09-15,"female","xxxxxx","growing","31","Tremere"
"519","5dc22943c46c00007800314a","982 123737116916",2019-09-18,"female","xxxxxx","growing","42.7","Tremere"
"520","63dc5bb6755100006f00658b","982 123737116917",2019-07-29,"female","xxxxxx","breeding","0","Tremere"
"521","615d219cc84000003a0017d0","982 123737116943",1970-01-01,"female","xxxxxx","breeding","0","Tremere"
"522","615d219ec84000003a0017e2","982 123737116951",1970-01-01,"female","xxxxxx","breeding","0","Tremere"
"523","5e15188dd579000022001487","982 123737116967",2019-11-25,"female","xxxxxx","growing","31.9","Tremere"
"524","5e15188ed579000022001488","982 123737116968",2019-11-26,"male","xxxxxx","growing","33.5","Tremere"
"525","5e15188ad57900002200146f","982 123737116969",2019-11-16,"female","xxxxxx","growing","34.5","Tremere"
"526","5e151888d579000022001467","982 123737116970",2019-11-15,"male","xxxxxx","growing","29.4","Tremere"
"527","5e15188cd57900002200147c","982 123737116971",2019-11-21,"male","xxxxxx","growing","28.3","Tremere"
"528","5e15188bd579000022001475","982 123737116972",2019-11-18,"male","xxxxxx","growing","29.7","Tremere"
"529","5e151889d579000022001468","982 123737116973",2019-11-15,"male","xxxxxx","growing","35.3","Tremere"
"530","5e15188ad579000022001472","982 123737116974",2019-11-17,"male","xxxxxx","growing","36.6","Tremere"
"531","5e15188ad579000022001473","982 123737116975",2019-11-18,"male","xxxxxx","growing","34","Tremere"
"532","5e15188ed57900002200148f","982 123737116976",2019-11-27,"female","xxxxxx","growing","25.9","Tremere"
"533","5e151888d579000022001465","982 123737116977",2019-11-14,"female","xxxxxx","growing","31.3","Tremere"
"534","5e151888d579000022001466","982 123737116978",2019-11-15,"male","xxxxxx","growing","37.3","Tremere"
"535","5e15188ed57900002200148e","982 123737116979",2019-11-27,"female","xxxxxx","growing","31.7","Tremere"
"536","5e15188dd579000022001485","982 123737116980",2019-11-25,"male","xxxxxx","growing","34.8","Tremere"
"537","5e15188cd57900002200147f","982 123737116981",2019-11-21,"female","xxxxxx","growing","27.6","Tremere"
"538","5e15188ed57900002200148b","982 123737116982",2019-11-27,"male","xxxxxx","growing","29.7","Tremere"
"539","5e15188fd579000022001491","982 123737116983",2019-11-28,"male","xxxxxx","growing","35.6","Tremere"
"540","5e151889d57900002200146e","982 123737116984",2019-11-16,"female","xxxxxx","growing","24.9","Tremere"
"541","5e15188bd57900002200147b","982 123737116985",2019-11-20,"female","xxxxxx","growing","24.5","Tremere"
"542","5e15188bd579000022001478","982 123737116986",2019-11-18,"female","xxxxxx","growing","24.8","Tremere"
"543","5e15188fd579000022001493","982 123737116987",2019-11-29,"male","xxxxxx","growing","36.8","Tremere"
"544","5e151889d579000022001469","982 123737116988",2019-11-15,"male","xxxxxx","growing","29.2","Tremere"
"545","5e15188ed579000022001489","982 123737116989",2019-11-26,"female","xxxxxx","growing","30.5","Tremere"
"546","5e15188cd579000022001480","982 123737116990",2019-11-23,"female","xxxxxx","growing","31.3","Tremere"
"547","5e15188ad579000022001471","982 123737116991",2019-11-17,"female","xxxxxx","growing","26.1","Tremere"
"548","5e15188dd579000022001486","982 123737116992",2019-11-25,"male","xxxxxx","growing","28.6","Tremere"
"549","5e15188dd579000022001482","982 123737116993",2019-11-24,"male","xxxxxx","growing","33.3","Tremere"
"550","5e151889d57900002200146a","982 123737116994",2019-11-15,"female","xxxxxx","growing","21.1","Tremere"
"551","5e15188cd579000022001481","982 123737116995",2019-11-24,"male","xxxxxx","growing","29.4","Tremere"
"552","5e151890d579000022001497","982 123737116996",2019-12-02,"female","xxxxxx","growing","27.7","Tremere"
"553","5e15188ed57900002200148c","982 123737116997",2019-11-27,"male","xxxxxx","growing","29.3","Tremere"
"554","5e151889d57900002200146b","982 123737116998",2019-11-15,"female","xxxxxx","growing","40.3","Tremere"
"555","5e15188dd579000022001483","982 123737116999",2019-11-24,"female","xxxxxx","growing","29.5","Tremere"
"556","5e15188bd579000022001479","982 123737117000",2019-11-18,"female","xxxxxx","growing","32.6","Tremere"
"557","5e15188dd579000022001484","982 123737117001",2019-11-25,"male","xxxxxx","growing","39.7","Tremere"
"558","5e15188bd579000022001477","982 123737117002",2019-11-18,"male","xxxxxx","growing","29.4","Tremere"
"559","5e15188ad579000022001474","982 123737117003",2019-11-18,"male","xxxxxx","growing","29.7","Tremere"
"560","5e15188cd57900002200147e","982 123737117004",2019-11-21,"female","xxxxxx","growing","32.4","Tremere"
"561","5e15188fd579000022001494","982 123737117005",2019-11-29,"female","xxxxxx","growing","32.3","Tremere"
"562","5e15188bd57900002200147a","982 123737117006",2019-11-18,"female","xxxxxx","growing","26.1","Tremere"
"563","5e15188fd579000022001492","982 123737117007",2019-11-29,"male","xxxxxx","growing","40.7","Tremere"
"564","5e15188fd579000022001495","982 123737117008",2019-11-29,"male","xxxxxx","growing","40.2","Tremere"
"565","5e15188bd579000022001476","982 123737117009",2019-11-18,"male","xxxxxx","growing","36.2","Tremere"
"566","5e15188fd579000022001490","982 123737117010",2019-11-27,"female","xxxxxx","growing","27.1","Tremere"
"567","5e15188ed57900002200148d","982 123737117011",2019-11-27,"female","xxxxxx","growing","28.3","Tremere"
"568","5e151889d57900002200146d","982 123737117012",2019-11-16,"female","xxxxxx","growing","23.8","Tremere"
"569","5e15188ad579000022001470","982 123737117013",2019-11-17,"male","xxxxxx","growing","33.9","Tremere"
"570","5e15188cd57900002200147d","982 123737117014",2019-11-21,"female","xxxxxx","growing","34.4","Tremere"
"571","5e15188ed57900002200148a","982 123737117015",2019-11-26,"female","xxxxxx","growing","28.2","Tremere"
"572","5e151889d57900002200146c","982 123737117016",2019-11-15,"female","xxxxxx","growing","28.7","Tremere"
"573","615d219ec84000003a0017de","982 123737117085",1970-01-01,"female","xxxxxx","breeding","0","Tremere"
"574","615d219dc84000003a0017d6","982 123737117089",1970-01-01,"female","xxxxxx","breeding","0","Tremere"
"575","615d219dc84000003a0017da","982 123737117110",1970-01-01,"female","xxxxxx","breeding","0","Tremere"
"576","615d219fc84000003a0017ea","982 123737117161",1970-01-01,"female","xxxxxx","breeding","0","Tremere"
"577","615d219ec84000003a0017df","982 123737117172",1970-01-01,"female","xxxxxx","breeding","0","Tremere"
"578","615d219fc84000003a0017e7","982 123737117179",1970-01-01,"female","xxxxxx","breeding","0","Tremere"
"579","615d219cc84000003a0017d4","982 123737117187",1970-01-01,"female","xxxxxx","breeding","0","Tremere"
"580","615d219cc84000003a0017cf","982 123737117190",1970-01-01,"female","xxxxxx","breeding","0","Tremere"
"581","615d219ec84000003a0017e3","982 123737117192",1970-01-01,"female","xxxxxx","breeding","0","Tremere"
"582","615d219bc84000003a0017c7","982 123737117196",1970-01-01,"female","xxxxxx","breeding","0","Tremere"
"583","615d219bc84000003a0017ca","982 123737117202",1970-01-01,"female","xxxxxx","breeding","0","Tremere"
"584","615d219dc84000003a0017d7","982 123737117207",1970-01-01,"female","xxxxxx","breeding","0","Tremere"
"585","63dc5bb7755100006f00658d","982 123737117208",2019-09-20,"female","xxxxxx","breeding","0","Tremere"
"586","615d219cc84000003a0017d2","982 123737117211",1970-01-01,"female","xxxxxx","breeding","0","Tremere"
"587","615d219ec84000003a0017dd","982 123737117212",1970-01-01,"female","xxxxxx","breeding","0","Tremere"
"588","5e151890d579000022001498","982 123737117219",2019-12-02,"female","xxxxxx","growing","27.4","Tremere"
"589","5e151891d57900002200149d","982 123737117220",2019-12-04,"male","xxxxxx","growing","41","Tremere"
"590","5e151890d57900002200149a","982 123737117221",2019-12-03,"male","xxxxxx","growing","32.2","Tremere"
"591","5e151890d57900002200149c","982 123737117222",2019-12-03,"male","xxxxxx","growing","28","Tremere"
"592","5e151890d579000022001496","982 123737117223",2019-11-29,"male","xxxxxx","growing","36.6","Tremere"
"593","5e151891d5790000220014a0","982 123737117224",2019-12-08,"male","xxxxxx","growing","30","Tremere"
"594","5e151892d5790000220014a5","982 123737117226",2019-12-10,"male","xxxxxx","growing","30.3","Tremere"
"595","5e151890d57900002200149b","982 123737117227",2019-12-03,"male","xxxxxx","growing","43.4","Tremere"
"596","5e151890d579000022001499","982 123737117229",2019-12-02,"female","xxxxxx","growing","23.6","Tremere"
"597","5e151891d5790000220014a2","982 123737117233",2019-12-08,"female","xxxxxx","growing","26.4","Tremere"
"598","5e151891d5790000220014a1","982 123737117234",2019-12-08,"female","xxxxxx","growing","35.5","Tremere"
"599","5e151892d5790000220014a8","982 123737117241",2019-12-13,"female","xxxxxx","growing","31","Tremere"
"600","5e151891d57900002200149f","982 123737117244",2019-12-08,"male","xxxxxx","growing","41.4","Tremere"
"601","5e151891d57900002200149e","982 123737117247",2019-12-04,"male","xxxxxx","growing","28.7","Tremere"
"602","5e151892d5790000220014a6","982 123737117248",2019-12-11,"male","xxxxxx","growing","32","Tremere"
"603","5e151892d5790000220014a4","982 123737117252",2019-12-09,"male","xxxxxx","growing","32.9","Tremere"
"604","5e151892d5790000220014a7","982 123737117263",2019-12-12,"male","xxxxxx","growing","33.4","Tremere"
"605","5e151892d5790000220014a3","982 123737117264",2019-12-09,"male","xxxxxx","growing","30.9","Tremere"
"606","615d219dc84000003a0017dc","982 123737117275",1970-01-01,"female","xxxxxx","breeding","0","Tremere"
"607","615d219cc84000003a0017d1","982 123737117280",1970-01-01,"female","xxxxxx","breeding","0","Tremere"
"608","63dc5bb7755100006f00658c","982 123737117281",2019-08-04,"female","xxxxxx","breeding","0","Tremere"
"609","63dc5bb5755100006f006587","982 123737117283",2019-07-18,"female","xxxxxx","breeding","0","Tremere"
"610","615d219dc84000003a0017d5","982 123737117288",1970-01-01,"female","xxxxxx","breeding","0","Tremere"
"611","615d219bc84000003a0017c9","982 123737117292",1970-01-01,"female","xxxxxx","breeding","0","Tremere"
"612","5dc22962c46c0000780031b4","982 123737117317",2019-10-29,"female","xxxxxx","growing","34.1","Tremere"
"613","5dc22960c46c0000780031ac","982 123737117318",2019-10-25,"female","xxxxxx","growing","39.3","Tremere"
"614","5e151885d579000022001453","982 123737117319",2019-11-05,"female","xxxxxx","growing","30.9","Tremere"
"615","5dc2295fc46c0000780031aa","982 123737117320",2019-10-20,"female","xxxxxx","growing","37.1","Tremere"
"616","5dc22965c46c0000780031c0","982 123737117321",2019-11-02,"female","xxxxxx","growing","33.7","Tremere"
"617","5e151887d57900002200145d","982 123737117322",2019-11-09,"male","xxxxxx","growing","26.6","Tremere"
"618","5e151886d579000022001459","982 123737117323",2019-11-08,"male","xxxxxx","growing","40.4","Tremere"
"619","5e151886d57900002200145a","982 123737117324",2019-11-08,"female","xxxxxx","growing","31.1","Tremere"
"620","5e151886d579000022001457","982 123737117325",2019-11-07,"male","xxxxxx","growing","42.1","Tremere"
"621","5e151888d579000022001461","982 123737117326",2019-11-10,"female","xxxxxx","growing","23.8","Tremere"
"622","5dc22961c46c0000780031b1","982 123737117327",2019-10-26,"male","xxxxxx","growing","51.6","Tremere"
"623","5dc22960c46c0000780031ad","982 123737117328",2019-10-27,"male","xxxxxx","growing","41.3","Tremere"
"624","5dc2295fc46c0000780031a8","982 123737117329",2019-10-16,"female","xxxxxx","growing","30.1","Tremere"
"625","5dc22961c46c0000780031b0","982 123737117330",2019-10-27,"female","xxxxxx","growing","35.6","Tremere"
"626","5dc22965c46c0000780031be","982 123737117331",2019-10-31,"female","xxxxxx","growing","35.7","Tremere"
"627","5dc22963c46c0000780031b6","982 123737117332",2019-10-28,"female","xxxxxx","growing","33","Tremere"
"628","5dc22962c46c0000780031b3","982 123737117333",2019-10-30,"male","xxxxxx","growing","32.9","Tremere"
"629","5dc22964c46c0000780031b9","982 123737117334",2019-10-31,"male","xxxxxx","growing","45.8","Tremere"
"630","5e151887d579000022001460","982 123737117335",2019-11-10,"female","xxxxxx","growing","38.5","Tremere"
"631","5dc22965c46c0000780031bd","982 123737117336",2019-10-30,"female","xxxxxx","growing","35.5","Tremere"
"632","5e151887d57900002200145b","982 123737117337",2019-11-09,"male","xxxxxx","growing","40.7","Tremere"
"633","5dc2295fc46c0000780031a9","982 123737117338",2019-10-25,"male","xxxxxx","growing","39.5","Tremere"
"634","5dc22966c46c0000780031c1","982 123737117339",2019-11-04,"female","xxxxxx","growing","36.6","Tremere"
"635","5e151885d579000022001452","982 123737117340",2019-11-05,"male","xxxxxx","growing","33.9","Tremere"
"636","5dc22960c46c0000780031ae","982 123737117341",2019-10-27,"female","xxxxxx","growing","36.5","Tremere"
"637","5e151887d57900002200145e","982 123737117342",2019-11-10,"female","xxxxxx","growing","29.6","Tremere"
"638","5dc22964c46c0000780031bb","982 123737117343",2019-10-30,"female","xxxxxx","growing","31.6","Tremere"
"639","5e151887d57900002200145c","982 123737117344",2019-11-09,"male","xxxxxx","growing","43.9","Tremere"
"640","5dc2295dc46c0000780031a3","982 123737117345",2019-10-16,"male","xxxxxx","growing","50.4","Tremere"
"641","5dc22963c46c0000780031b7","982 123737117346",2019-10-31,"male","xxxxxx","growing","38.1","Tremere"
"642","5e151886d579000022001454","982 123737117347",2019-11-06,"female","xxxxxx","growing","37.5","Tremere"
"643","5dc2295ec46c0000780031a6","982 123737117348",2019-10-16,"female","xxxxxx","growing","36.2","Tremere"
"644","5dc22963c46c0000780031b8","982 123737117349",2019-10-28,"female","xxxxxx","growing","39.5","Tremere"
"645","5dc22961c46c0000780031b2","982 123737117350",2019-10-27,"female","xxxxxx","growing","35.2","Tremere"
"646","5e151886d579000022001458","982 123737117351",2019-11-07,"female","xxxxxx","growing","36.8","Tremere"
"647","5dc2295ec46c0000780031a7","982 123737117352",2019-10-25,"male","xxxxxx","growing","43","Tremere"
"648","5dc2295ec46c0000780031a5","982 123737117353",2019-10-20,"male","xxxxxx","growing","42.5","Tremere"
"649","5dc22964c46c0000780031bc","982 123737117354",2019-10-29,"female","xxxxxx","growing","37","Tremere"
"650","5dc2295fc46c0000780031ab","982 123737117355",2019-10-26,"male","xxxxxx","growing","39.9","Tremere"
"651","5e151888d579000022001462","982 123737117356",2019-11-11,"male","xxxxxx","growing","37","Tremere"
"652","5e151888d579000022001463","982 123737117357",2019-11-11,"female","xxxxxx","growing","41.7","Tremere"
"653","5e151886d579000022001455","982 123737117358",2019-11-06,"female","xxxxxx","growing","41.2","Tremere"
"654","5dc22961c46c0000780031af","982 123737117359",2019-10-28,"male","xxxxxx","growing","41","Tremere"
"655","5dc22965c46c0000780031bf","982 123737117360",2019-11-03,"female","xxxxxx","growing","35.7","Tremere"
"656","5dc2295dc46c0000780031a4","982 123737117361",2019-10-14,"female","xxxxxx","growing","42.9","Tremere"
"657","5dc22962c46c0000780031b5","982 123737117362",2019-10-23,"male","xxxxxx","growing","50.6","Tremere"
"658","5e151887d57900002200145f","982 123737117363",2019-11-10,"female","xxxxxx","growing","45.3","Tremere"
"659","5e151888d579000022001464","982 123737117364",2019-11-12,"male","xxxxxx","growing","37.6","Tremere"
"660","5dc22964c46c0000780031ba","982 123737117365",2019-10-28,"female","xxxxxx","growing","35.4","Tremere"
"661","5e151886d579000022001456","982 123737117366",2019-11-07,"male","xxxxxx","growing","35.4","Tremere"
"662","5dc22952c46c00007800317f","982 123737117367",2019-10-01,"male","xxxxxx","growing","38.5","Tremere"
"663","5dc22959c46c000078003196","982 123737117368",2019-10-02,"female","xxxxxx","growing","37.6","Tremere"
"664","5dc2295bc46c00007800319d","982 123737117369",2019-10-14,"male","xxxxxx","growing","41.2","Tremere"
"665","5dc2294dc46c00007800316d","982 123737117370",2019-09-28,"male","xxxxxx","growing","36.1","Tremere"
"666","5dc22954c46c000078003185","982 123737117371",2019-10-03,"male","xxxxxx","growing","36.7","Tremere"
"667","5dc2294cc46c00007800316b","982 123737117373",2019-09-26,"male","xxxxxx","growing","44.9","Tremere"
"668","5dc2294cc46c000078003169","982 123737117374",2019-09-29,"male","xxxxxx","growing","46.1","Tremere"
"669","5dc22958c46c000078003193","982 123737117375",2019-10-10,"male","xxxxxx","growing","29.8","Tremere"
"670","5dc2295bc46c00007800319c","982 123737117376",2019-10-10,"female","xxxxxx","growing","34.4","Tremere"
"671","5dc2295dc46c0000780031a2","982 123737117377",2019-10-14,"female","xxxxxx","growing","29.4","Tremere"
"672","5dc22950c46c000078003175","982 123737117378",2019-09-28,"male","xxxxxx","growing","35","Tremere"
"673","5dc22957c46c00007800318f","982 123737117379",2019-10-07,"male","xxxxxx","growing","41.5","Tremere"
"674","5dc2295cc46c00007800319f","982 123737117380",2019-10-14,"male","xxxxxx","growing","39","Tremere"
"675","5dc22950c46c000078003177","982 123737117381",2019-09-27,"male","xxxxxx","growing","37.9","Tremere"
"676","5dc22956c46c00007800318c","982 123737117382",2019-09-27,"female","xxxxxx","growing","40.6","Tremere"
"677","5dc2295cc46c0000780031a0","982 123737117383",2019-10-14,"female","xxxxxx","growing","37.2","Tremere"
"678","5dc22949c46c000078003161","982 123737117384",2019-09-27,"male","xxxxxx","growing","31.4","Tremere"
"679","5dc2295ac46c00007800319a","982 123737117385",2019-10-06,"female","xxxxxx","growing","39.9","Tremere"
"680","5dc22952c46c00007800317d","982 123737117386",2019-10-01,"male","xxxxxx","growing","42","Tremere"
"681","5dc22959c46c000078003194","982 123737117387",2019-10-02,"female","xxxxxx","growing","40.1","Tremere"
"682","5dc22957c46c000078003190","982 123737117388",2019-09-28,"female","xxxxxx","growing","36.1","Tremere"
"683","5dc2295ac46c000078003198","982 123737117389",2019-10-03,"female","xxxxxx","growing","42","Tremere"
"684","5dc22951c46c000078003179","982 123737117390",2019-09-30,"male","xxxxxx","growing","38.2","Tremere"
"685","5dc22953c46c000078003181","982 123737117391",2019-09-30,"male","xxxxxx","growing","39.7","Tremere"
"686","5dc2294dc46c00007800316f","982 123737117392",2019-09-28,"male","xxxxxx","growing","40.7","Tremere"
"687","5dc22957c46c00007800318d","982 123737117393",2019-10-06,"male","xxxxxx","growing","45.4","Tremere"
"688","5dc22954c46c000078003183","982 123737117397",2019-10-03,"male","xxxxxx","growing","46.2","Tremere"
"689","5dc2295cc46c00007800319e","982 123737117398",2019-10-14,"female","xxxxxx","growing","33.2","Tremere"
"690","5dc22957c46c00007800318e","982 123737117399",2019-09-27,"female","xxxxxx","growing","30.2","Tremere"
"691","5dc2294ec46c000078003171","982 123737117400",2019-09-26,"male","xxxxxx","growing","43.2","Tremere"
"692","5dc22959c46c000078003197","982 123737117401",2019-10-12,"male","xxxxxx","growing","42.7","Tremere"
"693","5dc22955c46c000078003189","982 123737117402",2019-10-05,"male","xxxxxx","growing","40.7","Tremere"
"694","5dc22956c46c00007800318b","982 123737117403",2019-10-06,"male","xxxxxx","growing","40.9","Tremere"
"695","5dc22951c46c00007800317b","982 123737117404",2019-09-30,"male","xxxxxx","growing","45.8","Tremere"
"696","5dc22958c46c000078003191","982 123737117405",2019-10-10,"male","xxxxxx","growing","30.5","Tremere"
"697","5dc2294fc46c000078003173","982 123737117406",2019-09-29,"male","xxxxxx","growing","38.8","Tremere"
"698","5dc2294ac46c000078003163","982 123737117407",2019-09-27,"male","xxxxxx","growing","40.2","Tremere"
"699","5dc2295bc46c00007800319b","982 123737117408",2019-10-11,"male","xxxxxx","growing","54.4","Tremere"
"700","5dc22958c46c000078003192","982 123737117409",2019-09-29,"female","xxxxxx","growing","40.8","Tremere"
"701","5dc2294bc46c000078003167","982 123737117410",2019-09-29,"male","xxxxxx","growing","40.7","Tremere"
"702","5dc2295ac46c000078003199","982 123737117411",2019-10-11,"male","xxxxxx","growing","49.2","Tremere"
"703","5dc22955c46c000078003187","982 123737117412",2019-10-06,"male","xxxxxx","growing","42.1","Tremere"
"704","5dc22956c46c00007800318a","982 123737117413",2019-09-27,"female","xxxxxx","growing","32.3","Tremere"
"705","5dc2295cc46c0000780031a1","982 123737117414",2019-10-14,"male","xxxxxx","growing","36","Tremere"
"706","5dc2294bc46c000078003165","982 123737117415",2019-09-27,"male","xxxxxx","growing","28.8","Tremere"
"707","5dc22959c46c000078003195","982 123737117416",2019-10-10,"male","xxxxxx","growing","35.4","Tremere"
"708","5dc22946c46c000078003154","982 123737117417",2019-09-20,"female","xxxxxx","growing","35.1","Tremere"
"709","5dc22950c46c000078003176","982 123737117418",2019-09-24,"female","xxxxxx","growing","43.2","Tremere"
"710","5dc2294bc46c000078003166","982 123737117419",2019-09-22,"female","xxxxxx","growing","31.4","Tremere"
"711","5dc2294ec46c000078003172","982 123737117420",2019-09-24,"female","xxxxxx","growing","40.5","Tremere"
"712","5dc22955c46c000078003186","982 123737117421",2019-09-27,"female","xxxxxx","growing","41.3","Tremere"
"713","5dc2293dc46c000078003137","982 123737117422",2019-09-20,"male","xxxxxx","growing","35.5","Tremere"
"714","5dc22940c46c00007800313f","982 123737117423",2019-09-20,"male","xxxxxx","growing","38.4","Tremere"
"715","5dc22946c46c000078003155","982 123737117424",2019-09-25,"male","xxxxxx","growing","42.2","Tremere"
"716","5dc22949c46c000078003160","982 123737117425",2019-09-21,"female","xxxxxx","growing","31","Tremere"
"717","5dc22941c46c000078003143","982 123737117426",2019-09-23,"male","xxxxxx","growing","35.3","Tremere"
"718","5dc2294cc46c00007800316a","982 123737117427",2019-09-22,"female","xxxxxx","growing","39.1","Tremere"
"719","5dc22943c46c000078003149","982 123737117428",2019-09-23,"male","xxxxxx","growing","40.8","Tremere"
"720","5dc2293fc46c00007800313d","982 123737117429",2019-09-21,"male","xxxxxx","growing","39.1","Tremere"
"721","5dc22952c46c00007800317c","982 123737117430",2019-09-23,"female","xxxxxx","growing","30.6","Tremere"
"722","5dc22948c46c00007800315b","982 123737117431",2019-09-26,"male","xxxxxx","growing","33.3","Tremere"
"723","5dc2293ec46c000078003139","982 123737117432",2019-09-20,"male","xxxxxx","growing","40.3","Tremere"
"724","5dc22947c46c000078003158","982 123737117433",2019-09-21,"female","xxxxxx","growing","34.6","Tremere"
"725","5dc2293fc46c00007800313b","982 123737117434",2019-09-21,"male","xxxxxx","growing","46","Tremere"
"726","5dc22948c46c00007800315c","982 123737117435",2019-09-21,"female","xxxxxx","growing","30.2","Tremere"
"727","5dc22942c46c000078003147","982 123737117436",2019-09-23,"male","xxxxxx","growing","30.1","Tremere"
"728","5dc22954c46c000078003184","982 123737117437",2019-09-26,"female","xxxxxx","growing","38.1","Tremere"
"729","5dc2294ac46c000078003162","982 123737117438",2019-09-20,"female","xxxxxx","growing","35.1","Tremere"
"730","5dc22945c46c000078003150","982 123737117439",2019-09-19,"female","xxxxxx","growing","40.4","Tremere"
"731","5dc22951c46c00007800317a","982 123737117440",2019-09-23,"female","xxxxxx","growing","30.3","Tremere"
"732","5dc22952c46c00007800317e","982 123737117441",2019-09-25,"female","xxxxxx","growing","39.4","Tremere"
"733","5dc22945c46c000078003151","982 123737117442",2019-09-25,"male","xxxxxx","growing","36.4","Tremere"
"734","5dc22949c46c00007800315e","982 123737117443",2019-09-21,"female","xxxxxx","growing","30.5","Tremere"
"735","5dc22950c46c000078003178","982 123737117444",2019-09-24,"female","xxxxxx","growing","33.6","Tremere"
"736","5dc22945c46c000078003152","982 123737117445",2019-09-20,"female","xxxxxx","growing","35.1","Tremere"
"737","5dc22947c46c000078003157","982 123737117446",2019-09-25,"male","xxxxxx","growing","32.4","Tremere"
"738","5dc22944c46c00007800314f","982 123737117447",2019-09-24,"male","xxxxxx","growing","33.6","Tremere"
"739","5dc22940c46c000078003141","982 123737117448",2019-09-22,"male","xxxxxx","growing","34.4","Tremere"
"740","5dc22945c46c000078003153","982 123737117449",2019-09-25,"male","xxxxxx","growing","42.5","Tremere"
"741","5dc22941c46c000078003145","982 123737117450",2019-09-23,"male","xxxxxx","growing","40.3","Tremere"
"742","5dc2294ac46c000078003164","982 123737117451",2019-09-22,"female","xxxxxx","growing","39.2","Tremere"
"743","5dc2294ec46c000078003170","982 123737117452",2019-09-23,"female","xxxxxx","growing","35.8","Tremere"
"744","5dc22947c46c00007800315a","982 123737117453",2019-09-21,"female","xxxxxx","growing","32.7","Tremere"
"745","5dc2294dc46c00007800316e","982 123737117454",2019-09-23,"female","xxxxxx","growing","32.3","Tremere"
"746","5dc2294fc46c000078003174","982 123737117455",2019-09-24,"female","xxxxxx","growing","33.9","Tremere"
"747","5dc22947c46c000078003159","982 123737117456",2019-09-23,"male","xxxxxx","growing","45.9","Tremere"
"748","5dc22953c46c000078003182","982 123737117457",2019-09-26,"female","xxxxxx","growing","38.6","Tremere"
"749","5dc22948c46c00007800315d","982 123737117458",2019-09-26,"male","xxxxxx","growing","32.6","Tremere"
"750","5dc22949c46c00007800315f","982 123737117459",2019-09-26,"male","xxxxxx","growing","44.1","Tremere"
"751","5dc22953c46c000078003180","982 123737117460",2019-09-26,"female","xxxxxx","growing","32.9","Tremere"
"752","5dc22946c46c000078003156","982 123737117461",2019-09-19,"female","xxxxxx","growing","27.8","Tremere"
"753","5dc22943c46c00007800314b","982 123737117462",2019-09-23,"male","xxxxxx","growing","41.4","Tremere"
"754","5dc22944c46c00007800314d","982 123737117463",2019-09-23,"male","xxxxxx","growing","41.6","Tremere"
"755","5dc22955c46c000078003188","982 123737117464",2019-09-27,"female","xxxxxx","growing","36.5","Tremere"
"756","5dc2294bc46c000078003168","982 123737117465",2019-09-22,"female","xxxxxx","growing","39","Tremere"
"757","5dc2294cc46c00007800316c","982 123737117466",2019-09-23,"female","xxxxxx","growing","35.6","Tremere"
"758","5f62a46e6b3000000a0037f1","982 123737117467",2010-10-22,"female","xxxxxx","breeding","0","Tremere"
"759","5d9f9f75a00700002f00330a","982 123737117469",2014-10-02,"female","BJ","breeding","0","Tremere"
"760","5f62a46e6b3000000a0037f2","982 123737117471",2009-10-21,"female","xxxxxx","breeding","0","Tremere"
"761","5f62a46f6b3000000a0037f3","982 123737117478",2008-11-07,"female","xxxxxx","breeding","0","Tremere"
"762","5f62a46f6b3000000a0037f4","982 123737117479",2009-12-06,"female","xxxxxx","breeding","0","Tremere"
"763","5d9f9f7ea00700002f00332a","982 123737117484",2015-10-27,"female","BR","breeding","0","Tremere"
"764","5f62a46f6b3000000a0037f5","982 123737117492",2015-11-15,"female","xxxxxx","breeding","0","Tremere"
"765","5f62a46f6b3000000a0037f6","982 123737117499",2008-10-24,"female","xxxxxx","breeding","0","Tremere"
"766","5d9f9f7fa00700002f00332e","982 123737117502",2015-10-31,"female","BR","breeding","0","Tremere"
"767","5f62a46f6b3000000a0037f7","982 123737117503",2008-11-10,"female","xxxxxx","breeding","0","Tremere"
"768","5f62a4706b3000000a0037f8","982 123737117507",2014-10-10,"female","xxxxxx","breeding","0","Tremere"
"769","5f62a4706b3000000a0037f9","982 123737117509",2006-10-16,"female","xxxxxx","breeding","0","Tremere"
"770","5f62a4706b3000000a0037fa","982 123737117511",2012-11-03,"female","xxxxxx","breeding","0","Tremere"
"771","615d219fc84000003a0017eb","982 123737117512",1970-01-01,"female","xxxxxx","breeding","0","Tremere"
"772","5f62a4706b3000000a0037fb","982 123737117513",2015-11-03,"female","xxxxxx","breeding","0","Tremere"
"773","5d9f9f79a00700002f003318","982 123737117514",2014-11-15,"female","BJ","breeding","0","Tremere"
"774","615d219bc84000003a0017cb","982 123737117557",1970-01-01,"female","xxxxxx","breeding","0","Tremere"
"775","615d219bc84000003a0017c8","982 123737117569",1970-01-01,"female","xxxxxx","breeding","0","Tremere"
"776","615d219fc84000003a0017e8","982 123737117586",1970-01-01,"female","xxxxxx","breeding","0","Tremere"
"777","63dc5bb6755100006f006589","982 123737117596",2019-06-10,"female","xxxxxx","breeding","0","Tremere"
"778","615d219fc84000003a0017ec","982 123737117598",1970-01-01,"female","xxxxxx","breeding","0","Tremere"
"779","615d219bc84000003a0017c6","982 123737117600",1970-01-01,"female","xxxxxx","breeding","0","Tremere"
"780","63dc5bb5755100006f006586","982 123737117604",2019-07-16,"female","xxxxxx","breeding","0","Tremere"
"781","615d219ec84000003a0017e1","982 123737117608",1970-01-01,"female","xxxxxx","breeding","0","Tremere"
"782","615d219cc84000003a0017d3","982 123737117611",1970-01-01,"female","xxxxxx","breeding","0","Tremere"
"783","615d219ec84000003a0017e0","982 123737117615",1970-01-01,"female","xxxxxx","breeding","0","Tremere"
"784","615d219cc84000003a0017cd","982 123737117616",1970-01-01,"female","xxxxxx","breeding","0","Tremere"
"785","615d219dc84000003a0017d9","982 123737117617",1970-01-01,"female","xxxxxx","breeding","0","Tremere"
"786","615d219ec84000003a0017e5","982 123737117624",1970-01-01,"female","xxxxxx","breeding","0","Tremere"
"787","615d219bc84000003a0017cc","982 123737117630",1970-01-01,"female","xxxxxx","breeding","0","Tremere"
"788","615d219ec84000003a0017e4","982 123737117634",1970-01-01,"female","xxxxxx","breeding","0","Tremere"
"789","615d219dc84000003a0017db","982 123737117639",1970-01-01,"female","xxxxxx","breeding","0","Tremere"
"790","615d219fc84000003a0017e9","982 123737117650",1970-01-01,"female","xxxxxx","breeding","0","Tremere"
"791","615d219dc84000003a0017d8","982 123737117661",1970-01-01,"female","xxxxxx","breeding","0","Tremere"
"792","615d219fc84000003a0017e6","982 123737117662",1970-01-01,"female","xxxxxx","breeding","0","Tremere"
"793","5f62a4706b3000000a0037fc","982 123743439264",2012-10-26,"female","xxxxxx","breeding","0","Tremere"
"794","5f62a4706b3000000a0037fd","982 123743439270",2010-11-01,"female","xxxxxx","breeding","0","Tremere"
"795","5f62a4716b3000000a0037fe","982 123743439272",2006-09-28,"female","xxxxxx","breeding","0","Tremere"
"796","5f62a4716b3000000a0037ff","982 123743439275",2006-10-29,"female","xxxxxx","breeding","0","Tremere"
"797","5d9f9f7fa00700002f00332d","982 123743439277",2015-10-30,"female","BR","breeding","0","Tremere"
"798","5f62a4716b3000000a003800","982 123743439283",2015-10-23,"female","xxxxxx","breeding","0","Tremere"
"799","63dc5bbb755100006f00659a","982 123743439486",2020-09-15,"female","xxxxxx","breeding","0","Tremere"
"800","610891030f25000003005308","982 123743439499",1970-01-01,"female","xxxxxx","breeding","0","Tremere"
"801","610891020f25000003005303","982 123743439501",1970-01-01,"female","xxxxxx","breeding","0","Tremere"
"802","610891050f2500000300531f","982 123743439502",1970-01-01,"female","xxxxxx","breeding","0","Tremere"
"803","610891050f25000003005318","982 123743439506",1970-01-01,"female","xxxxxx","breeding","0","Tremere"
"804","610891040f25000003005315","982 123743439507",1970-01-01,"female","xxxxxx","breeding","0","Tremere"
"805","610891040f25000003005313","982 123743439511",1970-01-01,"female","xxxxxx","breeding","0","Tremere"
"806","610891040f25000003005316","982 123743439512",1970-01-01,"female","xxxxxx","breeding","0","Tremere"
"807","610891020f25000003005304","982 123743439514",1970-01-01,"female","xxxxxx","breeding","0","Tremere"
"808","610891040f25000003005317","982 123743439518",1970-01-01,"female","xxxxxx","breeding","0","Tremere"
"809","610891030f25000003005309","982 123743439522",1970-01-01,"female","xxxxxx","breeding","0","Tremere"
"810","610891040f25000003005311","982 123743439523",1970-01-01,"female","xxxxxx","breeding","0","Tremere"
"811","610891040f25000003005310","982 123743439528",1970-01-01,"female","xxxxxx","breeding","0","Tremere"
"812","610891030f25000003005306","982 123743439529",1970-01-01,"female","xxxxxx","breeding","0","Tremere"
"813","610891020f25000003005305","982 123743439532",1970-01-01,"female","xxxxxx","breeding","0","Tremere"
"814","610891040f25000003005314","982 123743439537",1970-01-01,"female","xxxxxx","breeding","0","Tremere"
"815","610891050f25000003005319","982 123743439546",1970-01-01,"female","xxxxxx","breeding","0","Tremere"
"816","63dc5bba755100006f006597","982 123758520465",2020-08-15,"female","xxxxxx","breeding","0","Tremere"
"817","63dc5bba755100006f006596","982 123758520468",2020-08-15,"female","xxxxxx","breeding","0","Tremere"
"818","63dc5bba755100006f006599","982 123758520473",2020-08-15,"female","xxxxxx","breeding","0","Tremere"
"819","63dc5bb8755100006f00658f","982 123758520479",2020-09-15,"female","xxxxxx","breeding","0","Tremere"
"820","63dc5bb9755100006f006593","982 123758520483",2020-08-15,"female","xxxxxx","breeding","0","Tremere"
"821","63dc5bb8755100006f006592","982 123758520489",2020-08-15,"female","xxxxxx","breeding","0","Tremere"
"822","63dc5bb8755100006f006590","982 123758520490",2020-10-15,"female","xxxxxx","breeding","0","Tremere"
"823","63dc5bb7755100006f00658e","982 123758520491",2020-09-15,"female","xxxxxx","breeding","0","Tremere"
"824","63dc5bbb755100006f00659b","982 123758520493",2020-10-15,"female","xxxxxx","breeding","0","Tremere"
"825","63dc5bb9755100006f006594","982 123758520500",2020-10-15,"female","xxxxxx","breeding","0","Tremere"
"826","63dc5bb8755100006f006591","982 123758520502",2020-09-15,"female","xxxxxx","breeding","0","Tremere"
"827","63dc5bba755100006f006598","982 123758520503",2020-10-15,"female","xxxxxx","breeding","0","Tremere"
"828","63dc5bb9755100006f006595","982 123758520506",2020-08-15,"female","xxxxxx","breeding","0","Tremere"
"829","610891060f25000003005321","982 123758520610",1970-01-01,"female","xxxxxx","breeding","0","Tremere"
"830","610891050f2500000300531b","982 123758520611",1970-01-01,"female","xxxxxx","breeding","0","Tremere"
"831","615d219bc84000003a0017c5","982 123758520614",1970-01-01,"female","xxxxxx","breeding","0","Tremere"
"832","610891030f2500000300530c","982 123758520615",1970-01-01,"female","xxxxxx","breeding","0","Tremere"
"833","610891030f2500000300530e","982 123758520616",1970-01-01,"female","xxxxxx","breeding","0","Tremere"
"834","610891040f2500000300530f","982 123758520618",1970-01-01,"female","xxxxxx","breeding","0","Tremere"
"835","610891030f2500000300530d","982 123758520620",1970-01-01,"female","xxxxxx","breeding","0","Tremere"
"836","610891030f25000003005307","982 123758520624",1970-01-01,"female","xxxxxx","breeding","0","Tremere"
"837","610891060f25000003005322","982 123758520626",1970-01-01,"female","xxxxxx","breeding","0","Tremere"
"838","610891050f2500000300531a","982 123758520629",1970-01-01,"female","xxxxxx","breeding","0","Tremere"
"839","610892aa0f2500000300537e","982 123758520630",2018-08-20,"female","xxxxxx","breeding","0","Tremere"
"840","610891030f2500000300530b","982 123758520635",1970-01-01,"female","xxxxxx","breeding","0","Tremere"
"841","610892ab0f25000003005388","982 123758520658",2018-09-15,"female","xxxxxx","breeding","0","Tremere"
"842","610891060f25000003005320","982 123758520687",1970-01-01,"female","xxxxxx","breeding","0","Tremere"
"843","63dc5bbe755100006f0065a5","982 123758520767",2020-10-15,"female","xxxxxx","breeding","0","Tremere"
"844","63dc5bbd755100006f0065a3","982 123758520773",2020-10-15,"female","xxxxxx","breeding","0","Tremere"
"845","63dc5bbd755100006f0065a4","982 123758520778",2020-10-15,"female","xxxxxx","breeding","0","Tremere"
"846","63dc5bbd755100006f0065a2","982 123758520780",2020-10-15,"female","xxxxxx","breeding","0","Tremere"
"847","63dc5bbe755100006f0065a6","982 123758520787",2020-10-15,"female","xxxxxx","breeding","0","Tremere"
"848","63dc5bbd755100006f0065a1","982 123758520802",2020-10-15,"female","xxxxxx","breeding","0","Tremere"
"849","63dc5bbc755100006f0065a0","982 123758520808",2020-09-15,"female","xxxxxx","breeding","0","Tremere"
"850","63dc5bbc755100006f00659e","982 123758520877",2020-10-15,"female","xxxxxx","breeding","0","Tremere"
"851","63dc5bbc755100006f00659f","982 123758520879",2020-10-15,"female","xxxxxx","breeding","0","Tremere"
"852","63dc5bbb755100006f00659c","982 123758520891",2020-10-15,"female","xxxxxx","breeding","0","Tremere"
"853","63dc5bbc755100006f00659d","982 123758520893",2020-09-15,"female","xxxxxx","breeding","0","Tremere"
"854","5d9f9f75a00700002f00330a","982 123737117469",2014-10-02,"female","BJ","breeding","0","Tremere"
"855","5d9f9f79a00700002f003318","982 123737117514",2014-11-15,"female","BJ","breeding","0","Tremere"
"856","5d9f9f7ea00700002f00332a","982 123737117484",2015-10-27,"female","BR","breeding","0","Tremere"
"857","5d9f9f7fa00700002f00332d","982 123743439277",2015-10-30,"female","BR","breeding","0","Tremere"
"858","5d9f9f7fa00700002f00332e","982 123737117502",2015-10-31,"female","BR","breeding","0","Tremere"
"859","5d9f9fa2a00700002f0033a5","982 123518926242",2015-04-01,"female","BJ","breeding","0","Tremere"
